,Date,10yr
0,2024-06-10,-0.029300000000000104
1,2024-06-07,-0.02349999999999941
2,2024-06-06,-0.20040000000000013
3,2024-06-03,-0.11929999999999996
4,2024-05-30,-0.13379999999999992
5,2024-05-29,-0.0019000000000000128
6,2024-05-24,-0.1767000000000003
7,2024-05-23,-0.12369999999999948
8,2024-05-22,-0.1867000000000001
9,2024-05-17,-0.16749999999999954
10,2024-05-16,-0.29239999999999977
11,2024-05-15,-0.2614000000000001
12,2024-05-10,-0.04720000000000013
13,2024-05-09,0.09149999999999991
14,2024-05-08,0.07389999999999919
15,2024-05-03,0.16049999999999986
16,2024-05-02,0.2320000000000002
17,2024-05-01,0.3191000000000006
18,2024-04-29,0.41329999999999956
19,2024-04-26,0.4314
20,2024-04-25,0.4584999999999999
21,2024-04-22,0.4104000000000001
22,2024-04-19,0.3281999999999998
23,2024-04-18,0.3083999999999998
24,2024-04-15,0.2950999999999997
25,2024-04-12,0.3709000000000007
26,2024-04-11,0.48829999999999973
27,2024-04-08,0.3449
28,2024-04-05,0.24910000000000032
29,2024-04-04,0.09630000000000027
30,2024-04-01,0.12939999999999952
31,2024-03-29,-0.049900000000000055
32,2024-03-28,-0.06359999999999921
33,2024-03-27,-0.11290000000000067
34,2024-03-26,-0.04789999999999939
35,2024-03-22,-0.12260000000000026
36,2024-03-21,-0.05180000000000007
37,2024-03-20,-0.0024999999999995026
38,2024-03-19,0.01330000000000009
39,2024-03-15,0.07629999999999981
40,2024-03-14,0.034900000000000375
41,2024-03-13,-0.12440000000000051
42,2024-03-12,-0.02859999999999996
43,2024-03-08,-0.0790999999999995
44,2024-03-07,-0.03840000000000021
45,2024-03-06,0.002000000000000668
46,2024-03-05,-0.005399999999999849
47,2024-03-01,0.2996000000000003
48,2024-02-29,0.17620000000000058
49,2024-02-26,0.14219999999999988
50,2024-02-23,0.11980000000000057
51,2024-02-22,0.21550000000000047
52,2024-02-19,0.15660000000000007
53,2024-02-16,0.22110000000000074
54,2024-02-15,0.29100000000000037
55,2024-02-12,0.24029999999999951
56,2024-02-09,0.1620999999999997
57,2024-02-08,0.12349999999999994
58,2024-02-05,0.11219999999999963
59,2024-02-02,0.09050000000000002
60,2024-02-01,0.0010999999999996568
61,2024-01-29,0.19489999999999963
62,2024-01-26,0.2405999999999997
63,2024-01-25,0.22340000000000027
64,2024-01-22,0.21019999999999994
65,2024-01-19,0.19130000000000047
66,2024-01-18,0.21060000000000034
67,2024-01-15,0.028000000000000025
68,2024-01-12,-0.2615999999999996
69,2024-01-11,-0.2674999999999996
70,2024-01-08,-0.19510000000000005
71,2024-01-05,-0.1192000000000002
72,2024-01-04,-0.2541000000000002
73,2024-01-01,-0.31649999999999956
74,2023-12-29,-0.3761000000000001
75,2023-12-28,-0.4764000000000004
76,2023-12-27,-0.5921999999999996
77,2023-12-22,-0.5092000000000003
78,2023-12-21,-0.5044999999999997
79,2023-12-20,-0.5724000000000005
80,2023-12-15,-0.6203999999999996
81,2023-12-14,-0.5265000000000004
82,2023-12-13,-0.6234999999999999
83,2023-12-08,-0.2668999999999997
84,2023-12-07,-0.4169999999999998
85,2023-12-06,-0.5390999999999995
86,2023-12-01,-0.5385
87,2023-11-30,-0.5678000000000001
88,2023-11-27,-0.4480000000000004
89,2023-11-24,-0.35639999999999983
90,2023-11-23,-0.44599999999999973
91,2023-11-20,-0.4939
92,2023-11-17,-0.3987000000000007
93,2023-11-16,-0.2705000000000002
94,2023-11-13,0.027499999999999858
95,2023-11-10,-0.0011999999999998678
96,2023-11-09,-0.17680000000000007
97,2023-11-06,-0.15780000000000083
98,2023-11-03,-0.22309999999999963
99,2023-11-02,-0.01949999999999985
100,2023-10-27,0.22710000000000008
101,2023-10-26,0.3089000000000004
102,2023-10-25,0.4215
103,2023-10-20,0.5067000000000004
104,2023-10-19,0.6311999999999998
105,2023-10-18,0.6123000000000003
106,2023-10-13,0.3639000000000001
107,2023-10-12,0.4168000000000003
108,2023-10-11,0.2702
109,2023-10-06,0.5212000000000003
110,2023-10-05,0.45869999999999944
111,2023-10-04,0.5541
112,2023-09-29,0.45140000000000047
113,2023-09-28,0.3727999999999998
114,2023-09-25,0.29800000000000004
115,2023-09-22,0.10960000000000036
116,2023-09-21,0.15629999999999988
117,2023-09-18,0.04800000000000004
118,2023-09-15,0.12139999999999951
119,2023-09-14,0.09499999999999975
120,2023-09-11,0.1358000000000006
121,2023-09-08,0.24209999999999976
122,2023-09-07,0.15560000000000063
123,2023-09-04,0.14499999999999957
124,2023-09-01,0.15580000000000016
125,2023-08-31,0.1493000000000002
126,2023-08-28,0.2513000000000001
127,2023-08-25,0.3509000000000002
128,2023-08-24,0.3646999999999996
129,2023-08-21,0.5030000000000001
130,2023-08-18,0.46930000000000005
131,2023-08-17,0.4672999999999998
132,2023-08-14,0.3591000000000002
133,2023-08-11,0.18219999999999947
134,2023-08-10,0.11170000000000035
135,2023-08-07,0.02689999999999948
136,2023-08-04,0.17930000000000046
137,2023-08-03,0.3205999999999998
138,2023-07-28,0.24289999999999967
139,2023-07-27,0.23430000000000017
140,2023-07-26,0.14559999999999995
141,2023-07-21,0.1160000000000001
142,2023-07-20,0.12959999999999994
143,2023-07-19,-0.0129999999999999
144,2023-07-14,0.04599999999999982
145,2023-07-13,-0.049900000000000055
146,2023-07-12,0.12170000000000014
147,2023-07-07,0.2664000000000004
148,2023-07-06,0.36889999999999956
149,2023-07-05,0.24840000000000018
150,2023-06-30,0.15010000000000012
151,2023-06-29,0.040000000000000036
152,2023-06-26,-0.07709999999999972
153,2023-06-23,0.04280000000000017
154,2023-06-22,0.0798000000000001
155,2023-06-19,0.08869999999999978
156,2023-06-16,0.22739999999999982
157,2023-06-15,0.2145999999999999
158,2023-06-12,0.2730999999999999
159,2023-06-09,0.22079999999999966
160,2023-06-08,0.2107000000000001
161,2023-06-05,0.2461000000000002
162,2023-06-02,0.2667999999999999
163,2023-06-01,0.026900000000000368
164,2023-05-26,0.34979999999999967
165,2023-05-25,0.41780000000000017
166,2023-05-24,0.2517999999999998
167,2023-05-19,0.08179999999999987
168,2023-05-18,0.07010000000000005
169,2023-05-17,-0.03630000000000022
170,2023-05-12,0.07189999999999985
171,2023-05-11,-0.04190000000000005
172,2023-05-10,0.025800000000000267
173,2023-05-05,0.12619999999999987
174,2023-05-04,0.040000000000000036
175,2023-05-03,-0.07580000000000009
176,2023-04-28,-0.14759999999999973
177,2023-04-27,-0.009500000000000064
178,2023-04-24,0.11390000000000011
179,2023-04-21,-0.037599999999999856
180,2023-04-20,0.04709999999999992
181,2023-04-17,0.17180000000000017
182,2023-04-14,-0.1764000000000001
183,2023-04-13,-0.12829999999999986
184,2023-04-10,-0.28190000000000026
185,2023-04-07,-0.5730999999999997
186,2023-04-06,-0.6526999999999998
187,2023-04-03,-0.5403000000000002
188,2023-03-28,-0.35040000000000004
189,2023-03-27,-0.3841999999999999
190,2023-03-24,-0.5670000000000002
191,2023-03-23,-0.4501999999999997
192,2023-03-22,-0.48150000000000004
193,2023-03-21,-0.3431000000000002
194,2023-03-20,-0.33009999999999984
195,2023-03-17,-0.3862000000000001
196,2023-03-16,-0.28379999999999983
197,2023-03-15,-0.35009999999999986
198,2023-03-14,-0.054300000000000015
199,2023-03-13,-0.12840000000000007
200,2023-03-10,-0.03330000000000011
201,2023-03-09,0.24529999999999985
202,2023-03-08,0.38149999999999995
203,2023-03-07,0.29019999999999957
204,2023-03-06,0.3178000000000001
205,2023-03-03,0.42710000000000026
206,2023-03-02,0.6629
207,2023-03-01,0.5759000000000003
208,2023-02-27,0.4106000000000001
209,2023-02-24,0.49049999999999994
210,2023-02-23,0.367
211,2023-02-20,0.33610000000000007
212,2023-02-17,0.2671999999999999
213,2023-02-16,0.35729999999999995
214,2023-02-13,0.19810000000000016
215,2023-02-10,0.11320000000000041
216,2023-02-09,0.12580000000000036
217,2023-02-06,0.08190000000000008
218,2023-02-03,-0.21430000000000016
219,2023-02-02,-0.4821
220,2023-01-30,-0.33820000000000006
221,2023-01-27,-0.3376000000000001
222,2023-01-26,-0.25249999999999995
223,2023-01-23,-0.23740000000000006
224,2023-01-20,-0.2038000000000002
225,2023-01-19,-0.19309999999999983
226,2023-01-16,0.021299999999999653
227,2023-01-13,0.0022999999999999687
228,2023-01-12,-0.1713
229,2023-01-09,-0.04620000000000024
230,2023-01-06,0.026599999999999735
231,2023-01-05,0.1445000000000003
232,2023-01-02,0.38859999999999983
233,2022-12-30,0.2694000000000001
234,2022-12-29,0.0703999999999998
235,2022-12-28,0.2014999999999998
236,2022-12-23,0.05449999999999999
237,2022-12-22,-0.07730000000000015
238,2022-12-21,-0.16490000000000027
239,2022-12-16,-0.2077
240,2022-12-15,-0.32330000000000014
241,2022-12-14,-0.3762000000000003
242,2022-12-09,-0.5139999999999998
243,2022-12-08,-0.6415000000000002
244,2022-12-07,-0.7965999999999998
245,2022-12-02,-0.6143000000000001
246,2022-12-01,-0.5371000000000001
247,2022-11-28,-0.33109999999999973
248,2022-11-25,-0.4245000000000001
249,2022-11-24,-0.5497000000000001
250,2022-11-21,-0.38980000000000015
251,2022-11-18,-0.17779999999999951
252,2022-11-17,-0.24469999999999992
253,2022-11-14,-0.1647999999999996
254,2022-11-11,-0.13450000000000006
255,2022-11-10,-0.06890000000000018
256,2022-11-07,0.3320999999999996
257,2022-11-04,0.5255000000000005
258,2022-11-03,0.5081999999999995
259,2022-10-28,0.2810999999999999
260,2022-10-27,-0.0264000000000002
261,2022-10-26,0.0783999999999998
262,2022-10-21,0.6868000000000003
263,2022-10-20,0.6652999999999998
264,2022-10-19,0.6429999999999998
265,2022-10-14,0.6140999999999996
266,2022-10-13,0.5354999999999999
267,2022-10-12,0.5383999999999998
268,2022-10-07,0.6179000000000001
269,2022-10-06,0.4743999999999997
270,2022-10-05,0.5634000000000001
271,2022-09-30,0.7260999999999997
272,2022-09-29,0.6832000000000003
273,2022-09-26,0.8834999999999997
274,2022-09-23,0.6385000000000001
275,2022-09-22,0.6991999999999998
276,2022-09-19,0.5183999999999997
277,2022-09-16,0.6452999999999998
278,2022-09-15,0.6611000000000002
279,2022-09-12,0.5266000000000002
280,2022-09-09,0.5324
281,2022-09-08,0.5598000000000001
282,2022-09-05,0.36260000000000003
283,2022-09-02,0.44110000000000005
284,2022-09-01,0.6800999999999999
285,2022-08-29,0.4537
286,2022-08-26,0.2341000000000002
287,2022-08-25,0.22989999999999977
288,2022-08-22,0.2642000000000002
289,2022-08-19,-0.048799999999999955
290,2022-08-18,-0.10329999999999995
291,2022-08-15,-0.12740000000000018
292,2022-08-12,-0.13750000000000018
293,2022-08-11,-0.10519999999999996
294,2022-08-08,-0.3230999999999997
295,2022-08-05,0.021399999999999864
296,2022-08-04,-0.19200000000000017
297,2022-08-01,-0.30710000000000015
298,2022-07-29,-0.44040000000000035
299,2022-07-28,-0.49560000000000004
300,2022-07-27,-0.41480000000000006
301,2022-07-22,-0.40569999999999995
302,2022-07-21,-0.40020000000000033
303,2022-07-20,-0.19910000000000005
304,2022-07-15,-0.3687
305,2022-07-14,-0.5138000000000003
306,2022-07-13,-0.4261999999999997
307,2022-07-08,0.05879999999999974
308,2022-07-07,0.02090000000000014
309,2022-07-06,-0.11189999999999989
310,2022-07-01,-0.025500000000000078
311,2022-06-30,0.2751000000000001
312,2022-06-27,0.4619
313,2022-06-24,0.37950000000000017
314,2022-06-23,0.23560000000000025
315,2022-06-20,0.4445000000000001
316,2022-06-17,0.2395999999999998
317,2022-06-16,0.3129999999999997
318,2022-06-13,0.4413
319,2022-06-10,0.16469999999999985
320,2022-06-09,0.008000000000000007
321,2022-06-06,-0.08660000000000023
322,2022-06-03,-0.038000000000000256
323,2022-06-02,-0.07310000000000016
324,2022-05-27,-0.09399999999999986
325,2022-05-26,0.0264000000000002
326,2022-05-25,-0.07459999999999978
327,2022-05-20,-0.050899999999999945
328,2022-05-19,-0.09909999999999997
329,2022-05-18,0.031299999999999883
330,2022-05-13,0.21979999999999977
331,2022-05-12,0.12660000000000027
332,2022-05-11,0.14060000000000006
333,2022-05-06,0.5289999999999999
334,2022-05-05,0.48960000000000026
335,2022-05-04,0.5393000000000003
336,2022-04-29,0.5392000000000001
337,2022-04-28,0.3639000000000001
338,2022-04-25,0.3466999999999998
339,2022-04-22,0.5162
340,2022-04-21,0.6198999999999999
341,2022-04-18,0.7033
342,2022-04-15,0.6838000000000002
343,2022-04-14,0.6945000000000001
344,2022-04-11,0.7884
345,2022-04-08,0.8544000000000003
346,2022-04-07,0.8843999999999999
347,2022-04-04,0.6643999999999999
348,2022-04-01,0.6547000000000001
349,2022-03-28,0.6335
350,2022-03-25,0.5114000000000001
351,2022-03-24,0.40849999999999986
352,2022-03-23,0.3005
353,2022-03-22,0.4434999999999998
354,2022-03-21,0.361
355,2022-03-18,0.22079999999999989
356,2022-03-17,0.20909999999999984
357,2022-03-16,0.14670000000000005
358,2022-03-15,0.10029999999999983
359,2022-03-14,0.14549999999999996
360,2022-03-11,0.05459999999999998
361,2022-03-10,-0.04299999999999993
362,2022-03-09,0.011600000000000055
363,2022-03-08,-0.11760000000000015
364,2022-03-07,-0.14249999999999985
365,2022-03-04,-0.17780000000000018
366,2022-03-03,0.00990000000000002
367,2022-03-02,0.10160000000000013
368,2022-03-01,-0.06000000000000005
369,2022-02-28,0.05559999999999987
370,2022-02-25,0.19280000000000008
371,2022-02-24,0.1927000000000001
372,2022-02-21,0.1705000000000001
373,2022-02-18,0.05510000000000015
374,2022-02-17,0.1774
375,2022-02-14,0.20340000000000003
376,2022-02-11,0.20140000000000002
377,2022-02-10,0.2690999999999999
378,2022-02-07,0.15389999999999993
379,2022-02-04,0.2612000000000001
380,2022-02-03,0.2026000000000001
381,2022-01-31,0.26659999999999995
382,2022-01-28,0.2887000000000002
383,2022-01-27,0.3238000000000001
384,2022-01-24,0.27790000000000004
385,2022-01-21,0.2964
386,2022-01-20,0.38149999999999995
387,2022-01-17,0.3820000000000001
388,2022-01-14,0.34299999999999997
389,2022-01-13,0.2885
390,2022-01-10,0.27659999999999996
391,2022-01-07,0.28869999999999996
392,2022-01-06,0.28690000000000015
393,2022-01-03,0.2849999999999999
394,2021-12-30,0.06400000000000006
395,2021-12-29,0.05090000000000017
396,2021-12-24,-0.1414000000000002
397,2021-12-23,-0.1724000000000001
398,2021-12-22,-0.17209999999999992
399,2021-12-17,-0.18680000000000008
400,2021-12-16,-0.22289999999999988
401,2021-12-15,-0.15800000000000014
402,2021-12-10,-0.06559999999999988
403,2021-12-09,0.06320000000000014
404,2021-12-08,0.031500000000000083
405,2021-12-03,-0.26039999999999996
406,2021-12-02,-0.10450000000000004
407,2021-12-01,-0.15200000000000014
408,2021-11-29,-0.053400000000000114
409,2021-11-26,-0.13480000000000003
410,2021-11-25,0.0034000000000000696
411,2021-11-22,-0.008800000000000141
412,2021-11-19,-0.09099999999999997
413,2021-11-18,-0.014700000000000157
414,2021-11-15,0.04420000000000002
415,2021-11-12,-0.015600000000000058
416,2021-11-11,-0.0625
417,2021-11-08,-0.12209999999999988
418,2021-11-05,-0.07450000000000001
419,2021-11-04,0.0472999999999999
420,2021-11-01,0.09410000000000007
421,2021-10-29,0.0354000000000001
422,2021-10-28,0.04259999999999997
423,2021-10-27,0.054199999999999804
424,2021-10-22,0.3318000000000001
425,2021-10-21,0.37850000000000006
426,2021-10-20,0.3460000000000001
427,2021-10-15,0.2715000000000001
428,2021-10-14,0.22709999999999986
429,2021-10-13,0.21089999999999987
430,2021-10-08,0.2742
431,2021-10-07,0.1997
432,2021-10-06,0.19829999999999992
433,2021-10-01,0.16799999999999993
434,2021-09-30,0.2088000000000001
435,2021-09-27,0.18010000000000015
436,2021-09-24,0.15739999999999998
437,2021-09-23,0.1783999999999999
438,2021-09-20,0.05570000000000008
439,2021-09-17,0.09989999999999988
440,2021-09-16,0.0728000000000002
441,2021-09-13,0.04920000000000013
442,2021-09-10,-0.007900000000000018
443,2021-09-09,-0.02660000000000018
444,2021-09-06,0.02540000000000009
445,2021-09-03,0.15010000000000012
446,2021-09-02,0.10620000000000007
447,2021-08-30,0.05620000000000003
448,2021-08-27,0.06589999999999985
449,2021-08-26,0.059499999999999886
450,2021-08-23,-0.024599999999999955
451,2021-08-20,0.033199999999999896
452,2021-08-19,0.05449999999999999
453,2021-08-16,-0.0253000000000001
454,2021-08-13,-0.13990000000000014
455,2021-08-12,-0.00550000000000006
456,2021-08-09,-0.03579999999999983
457,2021-08-06,-0.051200000000000134
458,2021-08-05,-0.20029999999999992
459,2021-08-02,-0.24649999999999994
460,2021-07-30,-0.24570000000000003
461,2021-07-29,-0.2003999999999999
462,2021-07-28,-0.24380000000000002
463,2021-07-23,-0.20890000000000009
464,2021-07-22,-0.18490000000000006
465,2021-07-21,-0.20019999999999993
466,2021-07-16,-0.2850999999999999
467,2021-07-15,-0.19330000000000003
468,2021-07-14,-0.1480999999999999
469,2021-07-09,-0.13129999999999997
470,2021-07-08,-0.24029999999999996
471,2021-07-07,-0.25239999999999996
472,2021-07-02,-0.16369999999999996
473,2021-07-01,-0.1484000000000001
474,2021-06-28,-0.11780000000000013
475,2021-06-25,-0.03469999999999995
476,2021-06-24,-0.10929999999999995
477,2021-06-21,-0.133
478,2021-06-18,-0.1988000000000001
479,2021-06-17,-0.14480000000000004
480,2021-06-14,-0.13440000000000007
481,2021-06-11,-0.16989999999999994
482,2021-06-10,-0.17020000000000013
483,2021-06-07,-0.008399999999999963
484,2021-06-04,-0.039000000000000146
485,2021-06-03,0.02740000000000009
486,2021-05-28,-0.015099999999999891
487,2021-05-27,-0.015399999999999858
488,2021-05-26,0.009000000000000119
489,2021-05-21,0.06609999999999983
490,2021-05-20,0.06610000000000005
491,2021-05-19,0.06630000000000003
492,2021-05-14,-0.0039000000000000146
493,2021-05-13,0.04289999999999994
494,2021-05-12,0.025900000000000034
495,2021-05-07,-0.0968
496,2021-05-06,-0.08639999999999981
497,2021-05-05,-0.13429999999999986
498,2021-04-30,-0.07700000000000018
499,2021-04-29,-0.07379999999999987
500,2021-04-26,-0.10929999999999995
501,2021-04-23,-0.06289999999999996
502,2021-04-22,-0.15660000000000007
503,2021-04-19,-0.11630000000000007
504,2021-04-16,-0.0380999999999998
505,2021-04-15,-0.02959999999999985
506,2021-04-12,0.040999999999999925
507,2021-04-09,0.1322000000000001
508,2021-04-08,0.02849999999999997
509,2021-04-05,0.13419999999999987
510,2021-04-02,0.33020000000000005
511,2021-04-01,0.2528999999999999
512,2021-03-26,0.2710999999999999
513,2021-03-25,0.11329999999999996
514,2021-03-24,0.23280000000000012
515,2021-03-23,0.27900000000000014
516,2021-03-22,0.32930000000000015
517,2021-03-19,0.38460000000000005
518,2021-03-18,0.41259999999999986
519,2021-03-17,0.37240000000000006
520,2021-03-16,0.30379999999999985
521,2021-03-15,0.3973
522,2021-03-12,0.4165000000000001
523,2021-03-11,0.3737999999999999
524,2021-03-10,0.3953
525,2021-03-09,0.36949999999999994
526,2021-03-08,0.4201999999999999
527,2021-03-05,0.40260000000000007
528,2021-03-04,0.42480000000000007
529,2021-03-03,0.3433999999999999
530,2021-03-02,0.2950999999999999
531,2021-03-01,0.3378000000000001
532,2021-02-26,0.3702000000000001
533,2021-02-25,0.49039999999999995
534,2021-02-22,0.27980000000000005
535,2021-02-19,0.24780000000000002
536,2021-02-18,0.21210000000000018
537,2021-02-15,0.12470000000000003
538,2021-02-12,0.07909999999999995
539,2021-02-11,0.017200000000000104
540,2021-02-08,0.05520000000000014
541,2021-02-05,0.2086
542,2021-02-04,0.22599999999999998
543,2021-02-01,0.16599999999999993
544,2021-01-29,0.12909999999999988
545,2021-01-28,0.12179999999999991
546,2021-01-25,0.10640000000000005
547,2021-01-22,0.16909999999999992
548,2021-01-21,0.1711999999999999
549,2021-01-18,0.13729999999999987
550,2021-01-15,0.17549999999999988
551,2021-01-14,0.23609999999999998
552,2021-01-11,0.24959999999999993
553,2021-01-08,0.1973999999999999
554,2021-01-07,0.15669999999999995
555,2021-01-04,-0.05269999999999997
556,2021-01-01,-0.012800000000000034
557,2020-12-30,0.08420000000000005
558,2020-12-25,0.04149999999999998
559,2020-12-24,0.043200000000000016
560,2020-12-23,0.08929999999999993
561,2020-12-18,0.07610000000000006
562,2020-12-17,0.07589999999999997
563,2020-12-16,0.010199999999999987
564,2020-12-11,-0.07889999999999997
565,2020-12-10,-0.053200000000000025
566,2020-12-09,0.012600000000000056
567,2020-12-04,0.20299999999999996
568,2020-12-03,0.007000000000000006
569,2020-12-02,0.09260000000000002
570,2020-11-30,-0.03480000000000005
571,2020-11-27,0.0697000000000001
572,2020-11-26,0.0806
573,2020-11-23,0.010800000000000032
574,2020-11-20,0.03860000000000008
575,2020-11-19,0.06030000000000002
576,2020-11-16,0.16049999999999998
577,2020-11-13,0.16910000000000003
578,2020-11-12,0.1077999999999999
579,2020-11-09,0.14979999999999993
580,2020-11-06,0.08320000000000005
581,2020-11-05,-0.018799999999999928
582,2020-11-02,0.14290000000000003
583,2020-10-30,0.18969999999999998
584,2020-10-29,0.1735
585,2020-10-28,0.11819999999999997
586,2020-10-23,0.17049999999999998
587,2020-10-22,0.1854
588,2020-10-21,0.15680000000000005
589,2020-10-16,0.04870000000000008
590,2020-10-15,0.053300000000000014
591,2020-10-14,0.053300000000000014
592,2020-10-09,0.07360000000000011
593,2020-10-08,0.10640000000000005
594,2020-10-07,0.06880000000000008
595,2020-10-02,0.05279999999999996
596,2020-10-01,0.008499999999999952
597,2020-09-28,-0.06829999999999992
598,2020-09-25,-0.029100000000000015
599,2020-09-24,0.011700000000000044
600,2020-09-21,0.03759999999999997
601,2020-09-18,0.025000000000000022
602,2020-09-17,0.0004999999999999449
603,2020-09-14,-0.03710000000000002
604,2020-09-11,0.02429999999999999
605,2020-09-10,0.10170000000000001
606,2020-09-07,0.15400000000000003
607,2020-09-04,0.21109999999999995
608,2020-09-03,0.08040000000000003
609,2020-08-31,0.17659999999999998
610,2020-08-28,0.1421
611,2020-08-27,0.1371
612,2020-08-24,0.06540000000000001
613,2020-08-21,0.027799999999999936
614,2020-08-20,0.04070000000000007
615,2020-08-17,0.06159999999999999
616,2020-08-14,0.08610000000000007
617,2020-08-13,0.10240000000000005
618,2020-08-10,-0.06920000000000004
619,2020-08-07,-0.0757000000000001
620,2020-08-06,-0.13969999999999994
621,2020-08-03,-0.11499999999999999
622,2020-07-30,-0.1099
623,2020-07-29,-0.0492999999999999
624,2020-07-24,-0.09020000000000006
625,2020-07-23,-0.13439999999999996
626,2020-07-22,-0.11140000000000005
627,2020-07-17,-0.11139999999999994
628,2020-07-16,-0.136
629,2020-07-15,-0.09160000000000001
630,2020-07-10,-0.0815999999999999
631,2020-07-09,-0.2118
632,2020-07-08,-0.2108
633,2020-07-03,-0.07650000000000001
634,2020-07-02,-0.015900000000000025
635,2020-07-01,0.016699999999999937
636,2020-06-29,-0.029200000000000004
637,2020-06-26,-0.05520000000000003
638,2020-06-25,0.026499999999999968
639,2020-06-22,0.0494
640,2020-06-19,0.005499999999999949
641,2020-06-18,-0.017299999999999982
642,2020-06-15,0.07869999999999999
643,2020-06-12,0.0383
644,2020-06-11,-0.040899999999999936
645,2020-06-08,0.19209999999999994
646,2020-06-05,0.23319999999999996
647,2020-06-04,0.18979999999999997
648,2020-06-01,0.04730000000000001
649,2020-05-29,0.025699999999999945
650,2020-05-28,0.07709999999999995
651,2020-05-27,0.021399999999999975
652,2020-05-22,0.040100000000000025
653,2020-05-21,0.10289999999999999
654,2020-05-20,0.07480000000000009
655,2020-05-15,0.011199999999999988
656,2020-05-14,-0.13019999999999998
657,2020-05-13,-0.11880000000000002
658,2020-05-08,-0.08909999999999996
659,2020-05-07,-0.07130000000000003
660,2020-05-06,0.03320000000000001
661,2020-05-01,0.02859999999999996
662,2020-04-30,-0.08710000000000007
663,2020-04-27,-0.014100000000000001
664,2020-04-24,-0.24580000000000002
665,2020-04-23,-0.18479999999999996
666,2020-04-20,-0.2401000000000001
667,2020-04-17,-0.4367
668,2020-04-16,-0.09149999999999991
669,2020-04-13,-0.18900000000000006
670,2020-04-10,-0.08390000000000009
671,2020-04-09,0.1784
672,2020-04-06,-0.09250000000000003
673,2020-04-03,-0.4042
674,2020-04-02,-0.5662
675,2020-03-27,-0.5861
676,2020-03-26,-0.49239999999999995
677,2020-03-25,-0.4848000000000001
678,2020-03-24,-0.5239
679,2020-03-20,-0.6698000000000001
680,2020-03-19,-0.42569999999999997
681,2020-03-18,-0.36949999999999994
682,2020-03-17,-0.5064
683,2020-03-13,-0.6569999999999999
684,2020-03-12,-0.8291
685,2020-03-11,-0.7311
686,2020-03-10,-0.7666000000000001
687,2020-03-06,-0.8799000000000001
688,2020-03-05,-0.7388
689,2020-03-04,-0.5468999999999999
690,2020-03-03,-0.5281999999999999
691,2020-02-28,-0.5075999999999998
692,2020-02-27,-0.34730000000000016
693,2020-02-24,-0.3133999999999999
694,2020-02-21,-0.30299999999999994
695,2020-02-20,-0.3062999999999998
696,2020-02-17,-0.2366999999999999
697,2020-02-14,-0.22609999999999997
698,2020-02-13,-0.22860000000000014
699,2020-02-10,-0.25
700,2020-02-07,-0.23430000000000017
701,2020-02-06,-0.16679999999999984
702,2020-02-03,-0.26090000000000013
703,2020-01-31,-0.41070000000000007
704,2020-01-30,-0.2932000000000001
705,2020-01-27,-0.2671999999999999
706,2020-01-24,-0.2157
707,2020-01-23,-0.19690000000000007
708,2020-01-20,-0.09560000000000013
709,2020-01-17,-0.05860000000000021
710,2020-01-16,-0.06390000000000007
711,2020-01-13,0.0233000000000001
712,2020-01-10,-0.021999999999999797
713,2020-01-09,0.03550000000000009
714,2020-01-06,-0.027300000000000102
715,2020-01-03,0.07240000000000002
716,2020-01-02,0.05820000000000003
717,2019-12-27,0.1097999999999999
718,2019-12-26,0.15300000000000002
719,2019-12-25,0.14449999999999985
720,2019-12-20,0.17220000000000013
721,2019-12-19,0.13780000000000014
722,2019-12-18,0.10160000000000013
723,2019-12-13,-0.0633999999999999
724,2019-12-12,-0.04249999999999998
725,2019-12-11,-0.15029999999999988
726,2019-12-06,0.008000000000000007
727,2019-12-05,-0.04810000000000003
728,2019-12-04,-0.0029999999999998916
729,2019-11-29,-0.06269999999999998
730,2019-11-28,-0.0766
731,2019-11-25,-0.0391999999999999
732,2019-11-22,0.00990000000000002
733,2019-11-21,-0.026999999999999913
734,2019-11-18,0.061699999999999866
735,2019-11-15,0.059800000000000075
736,2019-11-14,0.0895999999999999
737,2019-11-11,0.2126999999999999
738,2019-11-08,0.41280000000000006
739,2019-11-07,0.35929999999999995
740,2019-11-04,0.248
741,2019-11-01,0.07499999999999996
742,2019-10-30,0.1069
743,2019-10-25,0.05709999999999993
744,2019-10-24,0.12040000000000006
745,2019-10-23,0.03750000000000009
746,2019-10-18,-0.04249999999999998
747,2019-10-17,-0.04949999999999988
748,2019-10-16,-0.10719999999999996
749,2019-10-11,-0.009499999999999842
750,2019-10-10,-0.06350000000000011
751,2019-10-09,-0.06020000000000003
752,2019-10-04,0.06329999999999991
753,2019-10-03,0.07679999999999998
754,2019-10-02,0.10309999999999997
755,2019-09-30,0.1685000000000001
756,2019-09-27,0.20899999999999985
757,2019-09-26,0.15700000000000003
758,2019-09-23,0.1916
759,2019-09-20,0.16599999999999993
760,2019-09-19,0.17769999999999997
761,2019-09-16,0.29289999999999994
762,2019-09-13,0.19229999999999992
763,2019-09-12,0.1261000000000001
764,2019-09-09,-0.10089999999999999
765,2019-09-06,-0.1420999999999999
766,2019-09-05,-0.14890000000000003
767,2019-09-02,-0.34909999999999997
768,2019-08-30,-0.5618999999999998
769,2019-08-29,-0.5705
770,2019-08-26,-0.5352000000000001
771,2019-08-23,-0.5461
772,2019-08-22,-0.43330000000000024
773,2019-08-19,-0.4489000000000001
774,2019-08-16,-0.5487999999999997
775,2019-08-15,-0.5617999999999999
776,2019-08-12,-0.47650000000000015
777,2019-08-09,-0.32010000000000005
778,2019-08-08,-0.3304
779,2019-08-05,-0.3262999999999998
780,2019-08-02,-0.12880000000000003
781,2019-08-01,-0.13050000000000006
782,2019-07-26,0.023499999999999854
783,2019-07-25,0.09599999999999986
784,2019-07-24,0.028500000000000192
785,2019-07-19,0.03190000000000026
786,2019-07-18,-0.03529999999999989
787,2019-07-17,-0.0490999999999997
788,2019-07-12,0.00140000000000029
789,2019-07-11,-0.005300000000000082
790,2019-07-10,-0.08709999999999996
791,2019-07-05,-0.10099999999999998
792,2019-07-04,-0.17979999999999996
793,2019-07-03,-0.1212000000000002
794,2019-06-28,-0.26069999999999993
795,2019-06-27,-0.3062
796,2019-06-24,-0.30589999999999984
797,2019-06-21,-0.3724000000000003
798,2019-06-20,-0.3873000000000002
799,2019-06-17,-0.29669999999999996
800,2019-06-14,-0.33000000000000007
801,2019-06-13,-0.30699999999999994
802,2019-06-10,-0.3188
803,2019-06-07,-0.3756999999999997
804,2019-06-06,-0.3517999999999999
805,2019-06-03,-0.45399999999999974
806,2019-05-30,-0.2885
807,2019-05-29,-0.26469999999999994
808,2019-05-24,-0.1979000000000002
809,2019-05-23,-0.24650000000000016
810,2019-05-22,-0.20649999999999968
811,2019-05-17,-0.20310000000000006
812,2019-05-16,-0.19599999999999973
813,2019-05-15,-0.18109999999999982
814,2019-05-10,0.0022999999999999687
815,2019-05-09,-0.05830000000000002
816,2019-05-08,-0.0387000000000004
817,2019-05-03,0.0009000000000001229
818,2019-05-02,0.06729999999999992
819,2019-05-01,-0.001000000000000334
820,2019-04-29,0.12020000000000008
821,2019-04-26,0.07520000000000016
822,2019-04-25,0.13420000000000032
823,2019-04-22,0.14949999999999974
824,2019-04-19,-0.05269999999999975
825,2019-04-18,-0.04369999999999985
826,2019-04-15,-0.03279999999999994
827,2019-04-12,-0.03639999999999999
828,2019-04-11,-0.1423000000000001
829,2019-04-08,-0.10629999999999962
830,2019-04-05,-0.2214999999999998
831,2019-04-04,-0.20720000000000027
832,2019-04-01,-0.25219999999999976
833,2019-03-28,-0.3203999999999998
834,2019-03-27,-0.3160000000000003
835,2019-03-26,-0.2126999999999999
836,2019-03-25,-0.2643
837,2019-03-22,-0.2128000000000001
838,2019-03-21,-0.15449999999999964
839,2019-03-20,-0.11839999999999984
840,2019-03-19,-0.021600000000000286
841,2019-03-18,-0.05929999999999991
842,2019-03-15,-0.0754999999999999
843,2019-03-14,-0.023299999999999876
844,2019-03-13,-0.08079999999999998
845,2019-03-12,-0.08619999999999983
846,2019-03-11,-0.01429999999999998
847,2019-03-08,-0.0054000000000002935
848,2019-03-07,-0.017900000000000027
849,2019-03-06,-0.0011999999999998678
850,2019-03-05,0.018599999999999728
851,2019-03-04,-0.0011999999999998678
852,2019-03-01,0.06889999999999974
853,2019-02-28,-0.02900000000000036
854,2019-02-25,-0.09590000000000032
855,2019-02-22,-0.0873999999999997
856,2019-02-21,-0.0928
857,2019-02-18,-0.12159999999999993
858,2019-02-15,-0.04859999999999998
859,2019-02-14,-0.048799999999999955
860,2019-02-11,-0.04709999999999992
861,2019-02-08,-0.09410000000000007
862,2019-02-07,-0.03880000000000017
863,2019-02-04,0.05580000000000007
864,2019-02-01,0.0
865,2019-01-31,-0.05489999999999995
866,2019-01-28,0.025800000000000267
867,2019-01-25,0.020199999999999996
868,2019-01-24,-0.022600000000000176
869,2019-01-21,-0.006000000000000227
870,2019-01-18,-0.03330000000000011
871,2019-01-17,-0.10660000000000025
872,2019-01-14,-0.18710000000000004
873,2019-01-11,-0.17830000000000013
874,2019-01-10,-0.11539999999999973
875,2019-01-07,-0.14900000000000002
876,2019-01-04,-0.24590000000000023
877,2019-01-03,-0.4161999999999999
878,2018-12-28,-0.3408000000000002
879,2018-12-27,-0.29059999999999997
880,2018-12-26,-0.24560000000000004
881,2018-12-21,-0.27249999999999996
882,2018-12-20,-0.2563
883,2018-12-19,-0.3080000000000003
884,2018-12-14,-0.23550000000000004
885,2018-12-13,-0.2265999999999999
886,2018-12-12,-0.2723
887,2018-12-07,-0.39049999999999985
888,2018-12-06,-0.3320999999999996
889,2018-12-05,-0.2871999999999999
890,2018-11-30,-0.13480000000000025
891,2018-11-29,-0.05510000000000037
892,2018-11-26,-0.021999999999999797
893,2018-11-23,-0.12860000000000005
894,2018-11-22,-0.1351
895,2018-11-19,-0.12929999999999975
896,2018-11-16,-0.10049999999999981
897,2018-11-15,-0.045399999999999885
898,2018-11-12,0.02059999999999995
899,2018-11-09,-0.024399999999999977
900,2018-11-08,0.0044999999999997264
901,2018-11-05,-0.03200000000000003
902,2018-11-02,0.14900000000000002
903,2018-11-01,0.046699999999999964
904,2018-10-26,0.027499999999999858
905,2018-10-25,0.020299999999999763
906,2018-10-24,0.014599999999999724
907,2018-10-19,0.12949999999999973
908,2018-10-18,0.12349999999999994
909,2018-10-17,0.21830000000000016
910,2018-10-12,0.1987000000000001
911,2018-10-11,0.17430000000000012
912,2018-10-10,0.23150000000000004
913,2018-10-05,0.3306
914,2018-10-04,0.2885
915,2018-10-03,0.32089999999999996
916,2018-09-28,0.18080000000000007
917,2018-09-27,0.2059000000000002
918,2018-09-24,0.2791000000000001
919,2018-09-21,0.2330000000000001
920,2018-09-20,0.24360000000000026
921,2018-09-17,0.12619999999999987
922,2018-09-14,0.09739999999999993
923,2018-09-13,0.09140000000000015
924,2018-09-10,0.05819999999999981
925,2018-09-07,-0.034199999999999786
926,2018-09-06,-0.06639999999999979
927,2018-09-03,-0.08840000000000003
928,2018-08-31,-0.09940000000000015
929,2018-08-30,-0.1177999999999999
930,2018-08-27,-0.10830000000000028
931,2018-08-24,-0.1387999999999998
932,2018-08-23,-0.1280000000000001
933,2018-08-20,-0.07410000000000005
934,2018-08-17,0.000500000000000167
935,2018-08-16,0.007699999999999818
936,2018-08-13,0.05149999999999988
937,2018-08-10,0.024100000000000232
938,2018-08-09,0.06940000000000035
939,2018-08-06,0.1177999999999999
940,2018-08-03,0.11789999999999967
941,2018-08-02,0.11479999999999979
942,2018-07-27,0.12860000000000005
943,2018-07-26,0.09980000000000011
944,2018-07-25,0.09430000000000005
945,2018-07-20,-0.04579999999999984
946,2018-07-19,-0.058699999999999974
947,2018-07-18,-0.047699999999999854
948,2018-07-13,-0.13919999999999977
949,2018-07-12,-0.11539999999999973
950,2018-07-11,-0.10250000000000004
951,2018-07-06,-0.1499999999999999
952,2018-07-05,-0.09860000000000024
953,2018-07-04,-0.11149999999999993
954,2018-06-29,0.07909999999999995
955,2018-06-28,-0.09479999999999977
956,2018-06-25,-0.05099999999999971
957,2018-06-22,-0.16480000000000006
958,2018-06-21,-0.16290000000000004
959,2018-06-18,-0.1389999999999998
960,2018-06-15,-0.1517999999999997
961,2018-06-14,-0.06730000000000036
962,2018-06-11,-0.017900000000000027
963,2018-06-08,-0.029900000000000038
964,2018-06-07,-0.029300000000000104
965,2018-06-04,-0.007299999999999862
966,2018-06-01,-0.06219999999999981
967,2018-05-30,-0.09810000000000008
968,2018-05-25,-0.09460000000000024
969,2018-05-24,-0.022499999999999964
970,2018-05-23,0.018299999999999983
971,2018-05-18,0.18310000000000004
972,2018-05-17,0.2827000000000002
973,2018-05-16,0.26969999999999983
974,2018-05-11,0.18869999999999987
975,2018-05-10,0.16130000000000022
976,2018-05-09,0.22520000000000007
977,2018-05-04,0.1469999999999998
978,2018-05-03,0.1705000000000001
979,2018-05-02,0.23649999999999993
980,2018-04-30,0.21419999999999995
981,2018-04-27,0.18149999999999977
982,2018-04-26,0.12890000000000024
983,2018-04-23,0.16170000000000018
984,2018-04-20,0.0642999999999998
985,2018-04-19,0.054300000000000015
986,2018-04-16,-0.017799999999999816
987,2018-04-13,-0.015899999999999803
988,2018-04-12,-0.03230000000000022
989,2018-04-09,-0.11480000000000024
990,2018-04-06,-0.11280000000000001
991,2018-04-05,-0.048799999999999955
992,2018-04-02,-0.13450000000000006
993,2018-03-28,-0.07989999999999986
994,2018-03-27,-0.1181000000000001
995,2018-03-26,-0.010299999999999976
996,2018-03-23,-0.05250000000000021
997,2018-03-22,-0.09630000000000027
998,2018-03-21,-0.06700000000000017
999,2018-03-20,0.006299999999999972
1000,2018-03-19,-0.01939999999999964
1001,2018-03-16,-0.03039999999999976
1002,2018-03-15,-0.08150000000000013
1003,2018-03-14,-0.08519999999999994
1004,2018-03-13,0.013199999999999878
1005,2018-03-12,0.009600000000000275
1006,2018-03-09,0.04260000000000019
1007,2018-03-08,0.03310000000000013
1008,2018-03-07,0.04679999999999973
1009,2018-03-06,0.08469999999999978
1010,2018-03-05,0.1751999999999998
1011,2018-03-02,0.02320000000000011
1012,2018-03-01,0.018199999999999772
1013,2018-02-26,0.2023999999999999
1014,2018-02-23,0.2528999999999999
1015,2018-02-22,0.27070000000000016
1016,2018-02-19,0.2157
1017,2018-02-16,0.33779999999999966
1018,2018-02-15,0.3633000000000002
1019,2018-02-12,0.3123
1020,2018-02-09,0.2982
1021,2018-02-08,0.34399999999999986
1022,2018-02-05,0.22929999999999984
1023,2018-02-02,0.37780000000000014
1024,2018-02-01,0.3841999999999999
1025,2018-01-29,0.2881999999999998
1026,2018-01-26,0.1842999999999999
1027,2018-01-25,0.13600000000000012
1028,2018-01-22,0.16900000000000004
1029,2018-01-19,0.19479999999999986
1030,2018-01-18,0.23139999999999983
1031,2018-01-15,0.1931999999999996
1032,2018-01-12,0.14509999999999978
1033,2018-01-11,0.14810000000000034
1034,2018-01-08,0.10400000000000009
1035,2018-01-05,0.12539999999999996
1036,2018-01-04,0.08020000000000005
1037,2018-01-01,0.04390000000000027
1038,2017-12-29,0.017200000000000326
1039,2017-12-28,0.10279999999999978
1040,2017-12-27,0.08299999999999974
1041,2017-12-22,0.16229999999999967
1042,2017-12-21,0.12670000000000003
1043,2017-12-20,0.13039999999999985
1044,2017-12-15,0.03080000000000016
1045,2017-12-14,-0.022400000000000198
1046,2017-12-13,-0.06329999999999991
1047,2017-12-08,0.04170000000000007
1048,2017-12-07,0.048900000000000166
1049,2017-12-06,0.022199999999999775
1050,2017-12-01,-0.010600000000000165
1051,2017-11-30,0.041300000000000114
1052,2017-11-27,-0.07869999999999999
1053,2017-11-24,-0.07709999999999972
1054,2017-11-23,-0.047699999999999854
1055,2017-11-20,-0.017900000000000027
1056,2017-11-17,0.043700000000000294
1057,2017-11-16,0.0719000000000003
1058,2017-11-13,0.13249999999999984
1059,2017-11-10,0.03770000000000007
1060,2017-11-09,-0.017300000000000093
1061,2017-11-06,-0.04260000000000019
1062,2017-11-03,0.009599999999999831
1063,2017-11-02,0.0041999999999999815
1064,2017-10-27,0.0961000000000003
1065,2017-10-26,0.22520000000000007
1066,2017-10-25,0.21189999999999998
1067,2017-10-20,0.11690000000000023
1068,2017-10-19,0.07319999999999993
1069,2017-10-18,0.1177999999999999
1070,2017-10-13,0.08470000000000022
1071,2017-10-12,0.15050000000000008
1072,2017-10-11,0.21750000000000025
1073,2017-10-06,0.2543000000000002
1074,2017-10-05,0.28839999999999977
1075,2017-10-04,0.1572
1076,2017-09-29,0.20440000000000014
1077,2017-09-28,0.1514000000000002
1078,2017-09-25,0.05390000000000006
1079,2017-09-22,0.036799999999999944
1080,2017-09-21,0.09479999999999977
1081,2017-09-18,0.03479999999999972
1082,2017-09-15,-0.07050000000000001
1083,2017-09-14,-0.033800000000000274
1084,2017-09-11,-0.05820000000000025
1085,2017-09-08,-0.21119999999999983
1086,2017-09-07,-0.21430000000000016
1087,2017-09-04,-0.09629999999999983
1088,2017-09-01,-0.08749999999999991
1089,2017-08-31,-0.17720000000000002
1090,2017-08-28,-0.13180000000000014
1091,2017-08-25,-0.16949999999999976
1092,2017-08-24,-0.06129999999999969
1093,2017-08-21,-0.05579999999999963
1094,2017-08-18,-0.06509999999999971
1095,2017-08-17,-0.12880000000000003
1096,2017-08-14,-0.11339999999999995
1097,2017-08-11,-0.17169999999999996
1098,2017-08-10,-0.17550000000000043
1099,2017-08-07,-0.13260000000000005
1100,2017-08-04,-0.08789999999999987
1101,2017-08-03,-0.12869999999999981
1102,2017-07-28,0.06099999999999994
1103,2017-07-27,0.10519999999999996
1104,2017-07-26,0.1501999999999999
1105,2017-07-21,0.07409999999999961
1106,2017-07-20,0.10240000000000027
1107,2017-07-19,0.0817000000000001
1108,2017-07-14,0.20630000000000015
1109,2017-07-13,0.13349999999999973
1110,2017-07-12,0.10319999999999974
1111,2017-07-07,0.21270000000000033
1112,2017-07-06,0.2208000000000001
1113,2017-07-05,0.14149999999999974
1114,2017-06-30,0.0939000000000001
1115,2017-06-29,0.020099999999999785
1116,2017-06-26,-0.10950000000000015
1117,2017-06-23,-0.13759999999999994
1118,2017-06-22,-0.10599999999999987
1119,2017-06-19,-0.046699999999999964
1120,2017-06-16,-0.17429999999999968
1121,2017-06-15,-0.1796000000000002
1122,2017-06-12,-0.11119999999999974
1123,2017-06-09,-0.19720000000000004
1124,2017-06-08,-0.19830000000000014
1125,2017-06-05,-0.16699999999999982
1126,2017-06-02,-0.12119999999999997
1127,2017-06-01,-0.10660000000000025
1128,2017-05-26,-0.05699999999999994
1129,2017-05-25,-0.07679999999999998
1130,2017-05-24,-0.022800000000000153
1131,2017-05-19,0.020299999999999763
1132,2017-05-18,0.06119999999999992
1133,2017-05-17,-0.025500000000000078
1134,2017-05-12,0.08650000000000002
1135,2017-05-11,0.09120000000000017
1136,2017-05-10,0.04800000000000004
1137,2017-05-05,0.01330000000000009
1138,2017-05-04,-0.006400000000000183
1139,2017-05-03,-0.0013000000000000789
1140,2017-04-28,-0.1376000000000004
1141,2017-04-27,-0.08360000000000012
1142,2017-04-24,-0.13929999999999998
1143,2017-04-21,-0.16949999999999976
1144,2017-04-20,-0.2286999999999999
1145,2017-04-17,-0.25070000000000014
1146,2017-04-14,-0.3628
1147,2017-04-13,-0.38839999999999986
1148,2017-04-10,-0.20840000000000014
1149,2017-04-07,-0.13569999999999993
1150,2017-04-06,-0.1588999999999996
1151,2017-04-03,-0.15870000000000006
1152,2017-03-28,0.027900000000000258
1153,2017-03-27,0.013199999999999878
1154,2017-03-24,0.10060000000000002
1155,2017-03-23,0.04740000000000011
1156,2017-03-22,-0.00790000000000024
1157,2017-03-21,-0.011499999999999844
1158,2017-03-20,0.04600000000000026
1159,2017-03-17,0.08580000000000032
1160,2017-03-16,0.09350000000000014
1161,2017-03-15,-0.00019999999999997797
1162,2017-03-14,0.13039999999999985
1163,2017-03-13,0.18999999999999995
1164,2017-03-10,0.1671999999999998
1165,2017-03-09,0.21050000000000013
1166,2017-03-08,0.22339999999999982
1167,2017-03-07,0.12480000000000002
1168,2017-03-06,0.09199999999999964
1169,2017-03-03,0.013200000000000323
1170,2017-03-02,0.0041999999999999815
1171,2017-03-01,-0.017300000000000093
1172,2017-02-27,-0.11929999999999996
1173,2017-02-24,-0.15349999999999975
1174,2017-02-23,-0.025100000000000122
1175,2017-02-20,-0.05210000000000026
1176,2017-02-17,0.08939999999999992
1177,2017-02-16,0.05030000000000001
1178,2017-02-13,0.0394000000000001
1179,2017-02-10,0.03160000000000007
1180,2017-02-09,0.030100000000000016
1181,2017-02-06,-0.01159999999999961
1182,2017-02-03,0.020399999999999974
1183,2017-02-02,0.02939999999999987
1184,2017-01-30,0.04380000000000006
1185,2017-01-27,-0.07529999999999992
1186,2017-01-26,-0.03299999999999992
1187,2017-01-23,-0.1402000000000001
1188,2017-01-20,-0.0918000000000001
1189,2017-01-19,-0.0642999999999998
1190,2017-01-16,-0.19520000000000026
1191,2017-01-13,-0.07489999999999997
1192,2017-01-12,-0.10809999999999986
1193,2017-01-09,-0.10279999999999978
1194,2017-01-06,0.03059999999999974
1195,2017-01-05,-0.049799999999999844
1196,2017-01-02,0.06119999999999992
1197,2016-12-30,0.06340000000000012
1198,2016-12-29,0.18400000000000016
1199,2016-12-28,0.19560000000000022
1200,2016-12-23,0.1875
1201,2016-12-22,0.2395999999999998
1202,2016-12-21,0.21940000000000026
1203,2016-12-16,0.3691
1204,2016-12-15,0.3777999999999997
1205,2016-12-14,0.3092999999999999
1206,2016-12-09,0.41039999999999965
1207,2016-12-08,0.5523999999999998
1208,2016-12-07,0.514
1209,2016-12-02,0.5806000000000002
1210,2016-12-01,0.6207000000000003
1211,2016-11-28,0.4655999999999998
1212,2016-11-25,0.6012000000000002
1213,2016-11-24,0.5851000000000002
1214,2016-11-21,0.5807
1215,2016-11-18,0.6169
1216,2016-11-17,0.5366
1217,2016-11-14,0.4637
1218,2016-11-11,0.3863000000000001
1219,2016-11-10,0.43200000000000016
1220,2016-11-07,0.1080000000000001
1221,2016-11-04,0.0898000000000001
1222,2016-11-03,0.1894
1223,2016-10-28,0.2748999999999999
1224,2016-10-27,0.2971999999999999
1225,2016-10-26,0.20919999999999983
1226,2016-10-21,0.0835999999999999
1227,2016-10-20,0.06640000000000001
1228,2016-10-19,0.031400000000000095
1229,2016-10-14,0.10010000000000008
1230,2016-10-13,0.014000000000000012
1231,2016-10-12,0.10630000000000006
1232,2016-10-07,0.17900000000000005
1233,2016-10-06,0.20320000000000005
1234,2016-10-05,0.0996999999999999
1235,2016-09-30,0.028100000000000014
1236,2016-09-29,0.00039999999999995595
1237,2016-09-26,-0.04569999999999985
1238,2016-09-23,0.0726
1239,2016-09-22,0.07590000000000008
1240,2016-09-19,0.13369999999999993
1241,2016-09-16,0.1180000000000001
1242,2016-09-15,0.1331
1243,2016-09-12,0.14939999999999998
1244,2016-09-09,0.12790000000000012
1245,2016-09-08,0.006999999999999895
1246,2016-09-05,0.013900000000000023
1247,2016-09-02,0.046599999999999975
1248,2016-09-01,0.046699999999999964
1249,2016-08-29,0.10640000000000005
1250,2016-08-26,0.0685
1251,2016-08-25,0.0
1252,2016-08-22,-0.023900000000000032
1253,2016-08-19,0.025500000000000078
1254,2016-08-18,-0.04620000000000002
1255,2016-08-15,0.00670000000000015
1256,2016-08-12,0.0035000000000000586
1257,2016-08-11,0.129
1258,2016-08-08,0.23409999999999997
1259,2016-08-05,0.21350000000000002
1260,2016-08-04,0.05669999999999997
1261,2016-08-01,0.07730000000000015
1262,2016-07-29,-0.06240000000000001
1263,2016-07-28,0.038000000000000034
1264,2016-07-27,0.059900000000000064
1265,2016-07-22,-0.1189
1266,2016-07-21,-0.14989999999999992
1267,2016-07-20,-0.10850000000000004
1268,2016-07-15,-0.02110000000000012
1269,2016-07-14,-0.07739999999999991
1270,2016-07-13,-0.13529999999999998
1271,2016-07-08,-0.34429999999999983
1272,2016-07-07,-0.3327
1273,2016-07-06,-0.3684999999999998
1274,2016-07-01,-0.3913
1275,2016-06-30,-0.3813
1276,2016-06-27,-0.4133
1277,2016-06-24,-0.30299999999999994
1278,2016-06-23,-0.08919999999999995
1279,2016-06-20,-0.14979999999999993
1280,2016-06-17,-0.1645000000000001
1281,2016-06-16,-0.1745000000000001
1282,2016-06-13,-0.09050000000000002
1283,2016-06-10,-0.12090000000000001
1284,2016-06-09,-0.06399999999999983
1285,2016-06-06,-0.042200000000000015
1286,2016-06-03,-0.0959000000000001
1287,2016-06-02,-0.07340000000000013
1288,2016-05-27,0.00019999999999997797
1289,2016-05-26,-0.09889999999999999
1290,2016-05-25,-0.0464
1291,2016-05-20,-0.006599999999999939
1292,2016-05-19,0.0636000000000001
1293,2016-05-18,0.0827
1294,2016-05-13,-0.06380000000000008
1295,2016-05-12,-0.024499999999999966
1296,2016-05-11,0.011299999999999866
1297,2016-05-06,0.02400000000000002
1298,2016-05-05,0.02520000000000011
1299,2016-05-04,0.013399999999999856
1300,2016-04-29,0.029799999999999827
1301,2016-04-28,-0.061699999999999866
1302,2016-04-25,0.012800000000000145
1303,2016-04-22,-0.05249999999999999
1304,2016-04-21,-0.05449999999999999
1305,2016-04-18,-0.10210000000000008
1306,2016-04-15,-0.21809999999999996
1307,2016-04-14,-0.1673
1308,2016-04-11,-0.25849999999999995
1309,2016-04-08,-0.1120000000000001
1310,2016-04-07,-0.21679999999999988
1311,2016-04-04,-0.11230000000000007
1312,2016-04-01,-0.054400000000000004
1313,2016-03-29,0.0688000000000002
1314,2016-03-25,0.1842999999999999
1315,2016-03-24,0.15159999999999996
1316,2016-03-23,0.15610000000000013
1317,2016-03-22,0.1884999999999999
1318,2016-03-18,0.13359999999999994
1319,2016-03-17,0.07679999999999998
1320,2016-03-16,0.13579999999999992
1321,2016-03-15,0.2218
1322,2016-03-11,0.3248
1323,2016-03-10,0.2642
1324,2016-03-09,0.1499999999999999
1325,2016-03-08,0.08040000000000003
1326,2016-03-04,0.034600000000000186
1327,2016-03-03,-0.0524
1328,2016-03-02,-0.0041999999999999815
1329,2016-03-01,-0.12370000000000014
1330,2016-02-29,-0.18620000000000014
1331,2016-02-26,-0.2319
1332,2016-02-25,-0.28549999999999986
1333,2016-02-22,-0.3000999999999998
1334,2016-02-19,-0.3107000000000002
1335,2016-02-18,-0.2950999999999999
1336,2016-02-15,-0.28659999999999997
1337,2016-02-12,-0.3551000000000002
1338,2016-02-11,-0.5162999999999998
1339,2016-02-08,-0.3673000000000002
1340,2016-02-05,-0.3999999999999999
1341,2016-02-04,-0.4033
1342,2016-02-01,-0.3208
1343,2016-01-29,-0.3841000000000001
1344,2016-01-28,-0.252
1345,2016-01-25,-0.23980000000000024
1346,2016-01-22,-0.18380000000000019
1347,2016-01-21,-0.16060000000000008
1348,2016-01-18,-0.16930000000000023
1349,2016-01-15,-0.23110000000000008
1350,2016-01-14,-0.13429999999999964
1351,2016-01-11,0.0484
1352,2016-01-08,-0.1025999999999998
1353,2016-01-07,-0.08329999999999993
1354,2016-01-04,-0.026499999999999968
1355,2016-01-01,0.12630000000000008
1356,2015-12-30,0.08829999999999982
1357,2015-12-25,0.006899999999999906
1358,2015-12-24,0.0033000000000003027
1359,2015-12-23,0.01570000000000027
1360,2015-12-18,-0.06879999999999997
1361,2015-12-17,-0.042400000000000215
1362,2015-12-16,0.02839999999999998
1363,2015-12-11,-0.20310000000000006
1364,2015-12-10,-0.11139999999999972
1365,2015-12-09,-0.12719999999999976
1366,2015-12-04,0.044299999999999784
1367,2015-12-03,0.10309999999999997
1368,2015-12-02,0.008799999999999919
1369,2015-11-30,0.06389999999999985
1370,2015-11-27,0.18310000000000004
1371,2015-11-26,0.1777000000000002
1372,2015-11-23,0.1511
1373,2015-11-20,0.19530000000000003
1374,2015-11-19,0.22540000000000004
1375,2015-11-16,0.23419999999999996
1376,2015-11-13,0.2219000000000002
1377,2015-11-12,0.22350000000000003
1378,2015-11-09,0.25550000000000006
1379,2015-11-06,0.2937000000000003
1380,2015-11-05,0.17609999999999992
1381,2015-11-02,0.17800000000000016
1382,2015-10-30,0.10530000000000017
1383,2015-10-29,0.1216999999999997
1384,2015-10-28,0.006000000000000227
1385,2015-10-23,-0.06310000000000038
1386,2015-10-22,-0.10740000000000016
1387,2015-10-21,-0.1783999999999999
1388,2015-10-16,-0.26060000000000016
1389,2015-10-15,-0.2692000000000001
1390,2015-10-14,-0.21130000000000004
1391,2015-10-09,-0.11250000000000027
1392,2015-10-08,-0.07879999999999976
1393,2015-10-07,-0.057599999999999874
1394,2015-10-02,-0.19140000000000001
1395,2015-10-01,-0.11560000000000015
1396,2015-09-28,-0.08579999999999988
1397,2015-09-25,0.09089999999999998
1398,2015-09-24,0.12319999999999975
1399,2015-09-21,0.16469999999999985
1400,2015-09-18,-0.05889999999999995
1401,2015-09-17,0.022499999999999964
1402,2015-09-14,-0.014600000000000168
1403,2015-09-11,0.04740000000000011
1404,2015-09-10,-0.0049000000000001265
1405,2015-09-07,-0.037900000000000045
1406,2015-09-04,-0.09689999999999976
1407,2015-09-03,0.011600000000000055
1408,2015-08-31,0.03780000000000028
1409,2015-08-28,-0.06919999999999993
1410,2015-08-27,-0.033399999999999874
1411,2015-08-24,-0.2589999999999999
1412,2015-08-21,-0.2887999999999997
1413,2015-08-20,-0.3044000000000002
1414,2015-08-17,-0.17910000000000004
1415,2015-08-14,-0.2032999999999996
1416,2015-08-13,-0.2684000000000002
1417,2015-08-10,-0.17030000000000012
1418,2015-08-07,-0.09589999999999987
1419,2015-08-06,-0.0636000000000001
1420,2015-08-03,-0.23429999999999973
1421,2015-07-30,-0.09419999999999984
1422,2015-07-29,-0.0383
1423,2015-07-24,-0.1048
1424,2015-07-23,-0.14100000000000001
1425,2015-07-22,-0.04899999999999993
1426,2015-07-17,0.030400000000000205
1427,2015-07-16,0.040999999999999925
1428,2015-07-15,-0.0038000000000000256
1429,2015-07-10,-0.08659999999999979
1430,2015-07-09,-0.11730000000000018
1431,2015-07-08,-0.19019999999999992
1432,2015-07-03,0.018100000000000005
1433,2015-07-02,0.1198999999999999
1434,2015-07-01,0.24250000000000016
1435,2015-06-29,0.20279999999999987
1436,2015-06-26,0.3336000000000001
1437,2015-06-25,0.19959999999999978
1438,2015-06-22,0.1633
1439,2015-06-19,-0.03090000000000037
1440,2015-06-18,0.1008
1441,2015-06-15,0.21350000000000025
1442,2015-06-12,0.14290000000000003
1443,2015-06-11,0.09750000000000014
1444,2015-06-08,0.23459999999999992
1445,2015-06-05,0.22230000000000016
1446,2015-06-04,0.1629999999999998
1447,2015-06-01,0.06589999999999963
1448,2015-05-29,0.08259999999999978
1449,2015-05-28,0.13209999999999988
1450,2015-05-27,0.20769999999999977
1451,2015-05-22,0.23040000000000016
1452,2015-05-21,0.2810999999999999
1453,2015-05-20,0.35830000000000006
1454,2015-05-15,0.25439999999999996
1455,2015-05-14,0.3316000000000001
1456,2015-05-13,0.36540000000000017
1457,2015-05-08,0.2431000000000001
1458,2015-05-07,0.29520000000000013
1459,2015-05-06,0.3479000000000001
1460,2015-05-01,0.2562000000000002
1461,2015-04-30,0.08419999999999983
1462,2015-04-27,-0.04069999999999996
1463,2015-04-24,0.03550000000000009
1464,2015-04-23,0.045700000000000074
1465,2015-04-20,-0.04069999999999996
1466,2015-04-17,-0.1854
1467,2015-04-16,-0.18199999999999994
1468,2015-04-13,-0.18679999999999986
1469,2015-04-10,-0.18240000000000012
1470,2015-04-09,-0.23110000000000008
1471,2015-04-06,-0.34620000000000006
1472,2015-04-03,-0.28
1473,2015-04-02,-0.1702999999999999
1474,2015-03-27,-0.031500000000000083
1475,2015-03-26,-0.040100000000000025
1476,2015-03-25,-0.04380000000000006
1477,2015-03-24,-0.1069
1478,2015-03-23,-0.14539999999999997
1479,2015-03-20,-0.1814
1480,2015-03-19,-0.14569999999999994
1481,2015-03-18,-0.16010000000000013
1482,2015-03-17,-0.08720000000000017
1483,2015-03-16,0.021300000000000097
1484,2015-03-13,0.0636000000000001
1485,2015-03-12,0.1312000000000002
1486,2015-03-11,0.09100000000000019
1487,2015-03-10,0.13300000000000023
1488,2015-03-09,0.21320000000000006
1489,2015-03-06,0.28469999999999995
1490,2015-03-05,0.29500000000000015
1491,2015-03-04,0.3658999999999999
1492,2015-03-03,0.3273999999999999
1493,2015-03-02,0.41779999999999995
1494,2015-02-27,0.16990000000000016
1495,2015-02-26,0.20540000000000003
1496,2015-02-23,0.26059999999999994
1497,2015-02-20,0.3236999999999999
1498,2015-02-19,0.27739999999999987
1499,2015-02-16,0.2135999999999998
1500,2015-02-13,0.15039999999999987
1501,2015-02-12,0.07739999999999991
1502,2015-02-09,0.03259999999999996
1503,2015-02-06,0.01650000000000018
1504,2015-02-05,-0.2116
1505,2015-02-02,-0.44630000000000014
1506,2015-01-30,-0.5464
1507,2015-01-29,-0.4509000000000001
1508,2015-01-26,-0.42579999999999973
1509,2015-01-23,-0.4646000000000001
1510,2015-01-22,-0.29520000000000013
1511,2015-01-19,-0.32499999999999996
1512,2015-01-16,-0.22229999999999994
1513,2015-01-15,-0.40329999999999977
1514,2015-01-12,-0.17470000000000008
1515,2015-01-09,-0.2679999999999998
1516,2015-01-08,-0.2391000000000001
1517,2015-01-05,-0.2745000000000002
1518,2015-01-02,-0.18179999999999996
1519,2015-01-01,-0.06380000000000008
1520,2014-12-26,0.005199999999999871
1521,2014-12-25,0.006199999999999761
1522,2014-12-24,-0.04320000000000013
1523,2014-12-19,-0.1976
1524,2014-12-18,-0.10760000000000014
1525,2014-12-17,-0.20429999999999993
1526,2014-12-12,-0.28949999999999987
1527,2014-12-11,-0.1983999999999999
1528,2014-12-10,-0.19659999999999966
1529,2014-12-05,-0.03589999999999982
1530,2014-12-04,-0.09939999999999971
1531,2014-12-03,-0.06259999999999977
1532,2014-11-28,-0.13199999999999967
1533,2014-11-27,-0.015800000000000036
1534,2014-11-24,0.037900000000000045
1535,2014-11-21,0.08820000000000006
1536,2014-11-20,0.14639999999999986
1537,2014-11-17,0.1463000000000001
1538,2014-11-14,0.12309999999999999
1539,2014-11-13,0.059499999999999886
1540,2014-11-10,0.07999999999999963
1541,2014-11-07,-0.04150000000000009
1542,2014-11-06,-0.03399999999999981
1543,2014-11-03,-0.09150000000000036
1544,2014-10-30,-0.18299999999999983
1545,2014-10-29,-0.15969999999999995
1546,2014-10-24,-0.2951999999999999
1547,2014-10-23,-0.2563
1548,2014-10-22,-0.34719999999999995
1549,2014-10-17,-0.42620000000000013
1550,2014-10-16,-0.4365000000000001
1551,2014-10-15,-0.45289999999999964
1552,2014-10-10,-0.2609999999999997
1553,2014-10-09,-0.19030000000000014
1554,2014-10-08,-0.14990000000000014
1555,2014-10-03,0.03780000000000028
1556,2014-10-02,0.0038999999999997925
1557,2014-10-01,0.04249999999999998
1558,2014-09-29,0.1339999999999999
1559,2014-09-26,0.13140000000000018
1560,2014-09-25,0.12020000000000008
1561,2014-09-22,0.1612
1562,2014-09-19,0.17479999999999984
1563,2014-09-18,0.2216999999999998
1564,2014-09-15,0.24899999999999967
1565,2014-09-12,0.1614
1566,2014-09-11,0.12209999999999965
1567,2014-09-08,0.050899999999999945
1568,2014-09-05,-0.025700000000000056
1569,2014-09-04,-0.03200000000000003
1570,2014-09-01,-0.14939999999999998
1571,2014-08-29,-0.11699999999999999
1572,2014-08-28,-0.1492
1573,2014-08-25,-0.08349999999999991
1574,2014-08-22,-0.057700000000000085
1575,2014-08-21,-0.06059999999999999
1576,2014-08-18,-0.08820000000000006
1577,2014-08-15,-0.20710000000000006
1578,2014-08-14,-0.1453000000000002
1579,2014-08-11,-0.0884999999999998
1580,2014-08-08,-0.13539999999999974
1581,2014-08-07,-0.19960000000000022
1582,2014-08-04,-0.15660000000000007
1583,2014-08-01,-0.07220000000000004
1584,2014-07-30,0.026499999999999968
1585,2014-07-25,-0.09370000000000012
1586,2014-07-24,-0.07560000000000011
1587,2014-07-23,-0.16060000000000008
1588,2014-07-18,-0.10349999999999993
1589,2014-07-17,-0.20649999999999968
1590,2014-07-16,-0.07100000000000017
1591,2014-07-11,-0.12340000000000018
1592,2014-07-10,-0.1080000000000001
1593,2014-07-09,-0.05290000000000017
1594,2014-07-04,0.03620000000000001
1595,2014-07-03,0.03980000000000006
1596,2014-07-02,0.0996999999999999
1597,2014-06-30,0.05449999999999999
1598,2014-06-27,0.019799999999999596
1599,2014-06-26,-0.0034999999999998366
1600,2014-06-23,0.0940000000000003
1601,2014-06-20,0.0945999999999998
1602,2014-06-19,0.07609999999999983
1603,2014-06-16,0.07390000000000008
1604,2014-06-13,-0.005600000000000271
1605,2014-06-12,-0.06599999999999984
1606,2014-06-09,-0.020099999999999785
1607,2014-06-06,-0.0045000000000001705
1608,2014-06-05,-0.024399999999999977
1609,2014-06-02,-0.057599999999999874
1610,2014-05-30,-0.16999999999999993
1611,2014-05-29,-0.2269000000000001
1612,2014-05-28,-0.2574000000000001
1613,2014-05-23,-0.1666000000000003
1614,2014-05-22,-0.16060000000000008
1615,2014-05-21,-0.18310000000000004
1616,2014-05-16,-0.1051000000000002
1617,2014-05-15,-0.1389999999999998
1618,2014-05-14,-0.10450000000000026
1619,2014-05-09,-0.0665
1620,2014-05-08,-0.0647000000000002
1621,2014-05-07,-0.1120000000000001
1622,2014-05-02,-0.22020000000000017
1623,2014-05-01,-0.13919999999999977
1624,2014-04-28,-0.020300000000000207
1625,2014-04-25,-0.08570000000000011
1626,2014-04-24,-0.04760000000000009
1627,2014-04-21,-0.027499999999999858
1628,2014-04-18,0.04929999999999968
1629,2014-04-17,0.02939999999999987
1630,2014-04-14,-0.007099999999999884
1631,2014-04-11,-0.14329999999999998
1632,2014-04-10,-0.12959999999999994
1633,2014-04-07,-0.08809999999999985
1634,2014-04-04,0.022999999999999687
1635,2014-04-03,0.19600000000000017
1636,2014-03-28,0.07319999999999993
1637,2014-03-27,0.042300000000000004
1638,2014-03-26,0.026399999999999757
1639,2014-03-25,0.045700000000000074
1640,2014-03-24,-0.010099999999999998
1641,2014-03-21,0.011600000000000055
1642,2014-03-20,0.02069999999999972
1643,2014-03-19,0.03330000000000011
1644,2014-03-18,-0.03469999999999995
1645,2014-03-17,-0.05069999999999997
1646,2014-03-14,-0.0884999999999998
1647,2014-03-13,-0.08740000000000014
1648,2014-03-12,-0.03080000000000016
1649,2014-03-11,0.042999999999999705
1650,2014-03-10,0.10959999999999992
1651,2014-03-07,0.10499999999999998
1652,2014-03-06,0.03699999999999992
1653,2014-03-05,0.03730000000000011
1654,2014-03-04,0.06830000000000025
1655,2014-03-03,0.025100000000000122
1656,2014-02-28,-0.10119999999999996
1657,2014-02-27,-0.10919999999999996
1658,2014-02-24,0.02320000000000011
1659,2014-02-21,-0.09759999999999991
1660,2014-02-20,-0.06849999999999978
1661,2014-02-17,-0.0766
1662,2014-02-14,-0.12809999999999988
1663,2014-02-13,-0.09369999999999967
1664,2014-02-10,-0.19049999999999967
1665,2014-02-07,-0.25619999999999976
1666,2014-02-06,-0.25729999999999986
1667,2014-02-03,-0.4187000000000003
1668,2014-01-31,-0.3841999999999999
1669,2014-01-30,-0.27539999999999987
1670,2014-01-27,-0.2521
1671,2014-01-24,-0.2625000000000002
1672,2014-01-23,-0.1501999999999999
1673,2014-01-20,-0.06919999999999993
1674,2014-01-17,-0.016000000000000014
1675,2014-01-16,-0.03699999999999992
1676,2014-01-13,-0.038899999999999935
1677,2014-01-10,0.057299999999999685
1678,2014-01-09,0.12629999999999963
1679,2014-01-06,0.10229999999999961
1680,2014-01-03,0.21229999999999993
1681,2014-01-02,0.19389999999999974
1682,2013-12-27,0.26270000000000016
1683,2013-12-26,0.28279999999999994
1684,2013-12-25,0.2492000000000001
1685,2013-12-20,0.08989999999999965
1686,2013-12-19,0.22219999999999995
1687,2013-12-18,0.22730000000000006
1688,2013-12-13,0.1649999999999996
1689,2013-12-12,0.10449999999999982
1690,2013-12-11,0.1057999999999999
1691,2013-12-06,0.21320000000000006
1692,2013-12-05,0.20210000000000017
1693,2013-12-04,0.23070000000000013
1694,2013-11-29,0.24109999999999987
1695,2013-11-28,0.21399999999999997
1696,2013-11-25,0.21950000000000003
1697,2013-11-22,0.23030000000000017
1698,2013-11-21,0.18279999999999985
1699,2013-11-18,0.08809999999999985
1700,2013-11-15,-0.024299999999999766
1701,2013-11-14,0.0028999999999999027
1702,2013-11-11,0.06059999999999999
1703,2013-11-08,0.11569999999999991
1704,2013-11-07,-0.02660000000000018
1705,2013-11-04,-0.0411999999999999
1706,2013-11-01,-0.028200000000000003
1707,2013-10-30,-0.07220000000000004
1708,2013-10-25,-0.1192000000000002
1709,2013-10-24,-0.13549999999999995
1710,2013-10-23,-0.19830000000000014
1711,2013-10-18,-0.11010000000000009
1712,2013-10-17,-0.2574000000000001
1713,2013-10-16,-0.20100000000000007
1714,2013-10-11,-0.22509999999999986
1715,2013-10-10,-0.28290000000000015
1716,2013-10-09,-0.2488999999999999
1717,2013-10-04,-0.2519
1718,2013-10-03,-0.2530000000000001
1719,2013-10-02,-0.16659999999999986
1720,2013-09-30,-0.17390000000000017
1721,2013-09-27,-0.08420000000000005
1722,2013-09-26,-0.13549999999999995
1723,2013-09-23,-0.11470000000000002
1724,2013-09-20,-0.08050000000000024
1725,2013-09-19,-0.12849999999999984
1726,2013-09-16,0.039200000000000124
1727,2013-09-13,0.16559999999999997
1728,2013-09-12,0.28889999999999993
1729,2013-09-09,0.3336000000000001
1730,2013-09-06,0.2921
1731,2013-09-05,0.36039999999999983
1732,2013-09-02,0.18789999999999996
1733,2013-08-30,0.17379999999999995
1734,2013-08-29,0.15939999999999976
1735,2013-08-26,0.2229000000000001
1736,2013-08-23,0.30969999999999986
1737,2013-08-22,0.4039999999999999
1738,2013-08-19,0.39649999999999963
1739,2013-08-16,0.2934000000000001
1740,2013-08-15,0.22920000000000007
1741,2013-08-12,0.03849999999999998
1742,2013-08-09,-0.055600000000000094
1743,2013-08-08,-0.04640000000000022
1744,2013-08-05,-0.1057999999999999
1745,2013-08-02,0.12670000000000003
1746,2013-08-01,0.22949999999999982
1747,2013-07-26,0.027099999999999902
1748,2013-07-25,-0.03699999999999992
1749,2013-07-24,0.051200000000000134
1750,2013-07-19,0.1312000000000002
1751,2013-07-18,0.34299999999999997
1752,2013-07-17,0.3070999999999997
1753,2013-07-12,0.35409999999999986
1754,2013-07-11,0.38749999999999973
1755,2013-07-10,0.4140999999999999
1756,2013-07-05,0.6499000000000001
1757,2013-07-04,0.3570000000000002
1758,2013-07-03,0.38390000000000013
1759,2013-06-28,0.3205
1760,2013-06-27,0.46399999999999997
1761,2013-06-24,0.5286999999999997
1762,2013-06-21,0.6047000000000002
1763,2013-06-20,0.4497000000000002
1764,2013-06-17,0.2311000000000003
1765,2013-06-14,0.1555000000000002
1766,2013-06-13,0.22899999999999987
1767,2013-06-10,0.31240000000000023
1768,2013-06-07,0.39400000000000013
1769,2013-06-06,0.31810000000000027
1770,2013-06-03,0.3811
1771,2013-05-30,0.43930000000000025
1772,2013-05-29,0.44520000000000004
1773,2013-05-24,0.3034000000000001
1774,2013-05-23,0.3091999999999999
1775,2013-05-22,0.3465999999999998
1776,2013-05-17,0.2555999999999998
1777,2013-05-16,0.15850000000000009
1778,2013-05-15,0.2549000000000001
1779,2013-05-10,0.0939000000000001
1780,2013-05-09,0.060699999999999976
1781,2013-05-08,0.020499999999999963
1782,2013-05-03,-0.07240000000000002
1783,2013-05-02,-0.23350000000000004
1784,2013-05-01,-0.2023999999999999
1785,2013-04-29,-0.1785000000000001
1786,2013-04-26,-0.24609999999999999
1787,2013-04-25,-0.2118
1788,2013-04-22,-0.23209999999999997
1789,2013-04-19,-0.19679999999999986
1790,2013-04-18,-0.2698999999999998
1791,2013-04-15,-0.3097000000000001
1792,2013-04-12,-0.29479999999999995
1793,2013-04-11,-0.2688999999999999
1794,2013-04-08,-0.29669999999999996
1795,2013-04-05,-0.18499999999999983
1796,2013-04-04,-0.11299999999999999
1797,2013-04-01,-0.009800000000000031
1798,2013-03-28,-0.026899999999999924
1799,2013-03-27,-0.05600000000000005
1800,2013-03-26,0.02859999999999996
1801,2013-03-25,0.05610000000000004
1802,2013-03-22,-0.03689999999999993
1803,2013-03-21,-0.0653999999999999
1804,2013-03-20,-0.0506000000000002
1805,2013-03-19,-0.1261000000000001
1806,2013-03-18,-0.04710000000000014
1807,2013-03-15,-0.012199999999999989
1808,2013-03-14,0.032199999999999784
1809,2013-03-13,-0.006799999999999695
1810,2013-03-12,0.03859999999999997
1811,2013-03-11,0.09409999999999985
1812,2013-03-08,0.0928
1813,2013-03-07,0.039699999999999847
1814,2013-03-06,-0.02279999999999993
1815,2013-03-05,-0.10020000000000007
1816,2013-03-04,-0.07930000000000015
1817,2013-03-01,-0.17369999999999997
1818,2013-02-28,-0.08570000000000011
1819,2013-02-25,-0.08500000000000019
1820,2013-02-22,0.12020000000000008
1821,2013-02-21,0.135
1822,2013-02-18,0.16010000000000013
1823,2013-02-15,0.16569999999999996
1824,2013-02-14,0.15260000000000007
1825,2013-02-11,0.09580000000000011
1826,2013-02-08,0.0815999999999999
1827,2013-02-07,0.05940000000000012
1828,2013-02-04,0.05570000000000008
1829,2013-02-01,0.25749999999999984
1830,2013-01-31,0.22750000000000004
1831,2013-01-28,0.26039999999999996
1832,2013-01-25,0.17500000000000004
1833,2013-01-24,0.07610000000000006
1834,2013-01-21,0.07929999999999993
1835,2013-01-18,0.024599999999999955
1836,2013-01-17,0.1076999999999999
1837,2013-01-14,0.14329999999999998
1838,2013-01-11,0.2136
1839,2013-01-10,0.27939999999999987
1840,2013-01-07,0.27590000000000003
1841,2013-01-04,0.2963
1842,2013-01-03,0.2913999999999999
1843,2012-12-28,0.07250000000000001
1844,2012-12-27,0.09949999999999992
1845,2012-12-26,0.08860000000000001
1846,2012-12-21,0.0827
1847,2012-12-20,0.13030000000000008
1848,2012-12-19,0.1882999999999999
1849,2012-12-14,0.11040000000000005
1850,2012-12-13,0.13539999999999996
1851,2012-12-12,0.09169999999999989
1852,2012-12-07,-0.025100000000000122
1853,2012-12-06,-0.1649999999999998
1854,2012-12-05,-0.09660000000000002
1855,2012-11-30,-0.10330000000000017
1856,2012-11-29,-0.10420000000000007
1857,2012-11-26,-0.0826
1858,2012-11-23,-0.06730000000000014
1859,2012-11-22,-0.13379999999999992
1860,2012-11-19,-0.1502000000000001
1861,2012-11-16,-0.13859999999999983
1862,2012-11-15,-0.07020000000000004
1863,2012-11-12,-0.049699999999999855
1864,2012-11-09,-0.1069
1865,2012-11-08,-0.1279999999999999
1866,2012-11-05,-0.058699999999999974
1867,2012-11-02,0.09489999999999998
1868,2012-11-01,0.09929999999999994
1869,2012-10-26,0.13560000000000016
1870,2012-10-25,0.15710000000000002
1871,2012-10-24,0.0794999999999999
1872,2012-10-19,-0.008499999999999952
1873,2012-10-18,0.026100000000000012
1874,2012-10-17,-0.02299999999999991
1875,2012-10-12,-0.10160000000000013
1876,2012-10-11,-0.03059999999999996
1877,2012-10-10,0.020100000000000007
1878,2012-10-05,0.14679999999999982
1879,2012-10-04,0.10099999999999998
1880,2012-10-03,0.06620000000000004
1881,2012-09-28,0.0
1882,2012-09-27,0.0035999999999998256
1883,2012-09-24,0.02289999999999992
1884,2012-09-21,-0.045600000000000085
1885,2012-09-20,-0.04129999999999989
1886,2012-09-17,0.030999999999999917
1887,2012-09-14,0.1282000000000001
1888,2012-09-13,0.058800000000000185
1889,2012-09-10,-0.0032000000000000917
1890,2012-09-07,0.03949999999999987
1891,2012-09-06,0.11169999999999991
1892,2012-09-03,-0.014699999999999935
1893,2012-08-31,0.08050000000000002
1894,2012-08-30,0.12139999999999995
1895,2012-08-27,0.10430000000000006
1896,2012-08-24,0.29900000000000015
1897,2012-08-23,0.25160000000000005
1898,2012-08-20,0.3485999999999998
1899,2012-08-17,0.30269999999999997
1900,2012-08-16,0.3622000000000001
1901,2012-08-13,0.17659999999999987
1902,2012-08-10,0.15579999999999994
1903,2012-08-09,0.1763999999999999
1904,2012-08-06,0.017300000000000093
1905,2012-08-03,-0.06630000000000003
1906,2012-08-02,-0.11060000000000003
1907,2012-07-27,-0.07139999999999991
1908,2012-07-26,-0.18840000000000012
1909,2012-07-25,-0.20490000000000008
1910,2012-07-20,-0.2004999999999999
1911,2012-07-19,-0.11199999999999988
1912,2012-07-18,-0.07960000000000012
1913,2012-07-13,-0.10509999999999997
1914,2012-07-12,-0.18989999999999996
1915,2012-07-11,-0.06930000000000014
1916,2012-07-06,-0.11010000000000009
1917,2012-07-05,0.022499999999999964
1918,2012-07-04,0.10549999999999993
1919,2012-06-29,-0.09989999999999988
1920,2012-06-28,-0.1612
1921,2012-06-25,-0.13559999999999994
1922,2012-06-22,-0.09460000000000002
1923,2012-06-21,-0.12519999999999998
1924,2012-06-18,-0.14879999999999982
1925,2012-06-15,-0.18979999999999997
1926,2012-06-14,-0.12170000000000014
1927,2012-06-11,-0.2515999999999998
1928,2012-06-08,-0.20490000000000008
1929,2012-06-07,-0.2327999999999999
1930,2012-06-04,-0.3547
1931,2012-06-01,-0.49150000000000005
1932,2012-05-30,-0.29169999999999985
1933,2012-05-25,-0.246
1934,2012-05-24,-0.19609999999999994
1935,2012-05-23,-0.20030000000000014
1936,2012-05-18,-0.25270000000000015
1937,2012-05-17,-0.30099999999999993
1938,2012-05-16,-0.22019999999999995
1939,2012-05-11,-0.1975
1940,2012-05-10,-0.11529999999999996
1941,2012-05-09,-0.22470000000000012
1942,2012-05-04,-0.3447
1943,2012-05-03,-0.3675999999999999
1944,2012-05-02,-0.25429999999999997
1945,2012-04-30,-0.29510000000000014
1946,2012-04-27,-0.24880000000000013
1947,2012-04-26,-0.3096000000000001
1948,2012-04-23,-0.29679999999999995
1949,2012-04-20,-0.3962000000000001
1950,2012-04-19,-0.4107000000000003
1951,2012-04-16,-0.3135000000000001
1952,2012-04-13,-0.14400000000000013
1953,2012-04-12,0.017900000000000027
1954,2012-04-09,0.019500000000000295
1955,2012-04-06,0.1117999999999999
1956,2012-04-05,0.1700999999999997
1957,2012-04-02,0.20809999999999995
1958,2012-03-29,0.18820000000000014
1959,2012-03-28,0.2568999999999999
1960,2012-03-27,0.2581000000000002
1961,2012-03-23,0.23520000000000008
1962,2012-03-22,0.2746999999999997
1963,2012-03-21,0.2368999999999999
1964,2012-03-20,0.35740000000000016
1965,2012-03-16,0.31130000000000013
1966,2012-03-15,0.3518999999999999
1967,2012-03-14,0.33250000000000024
1968,2012-03-13,0.1522000000000001
1969,2012-03-09,-0.008500000000000174
1970,2012-03-08,0.02990000000000026
1971,2012-03-07,0.0021999999999999797
1972,2012-03-06,0.03610000000000002
1973,2012-03-02,0.15270000000000006
1974,2012-03-01,0.1996
1975,2012-02-27,0.034499999999999975
1976,2012-02-24,-0.08430000000000004
1977,2012-02-23,-0.05459999999999998
1978,2012-02-20,-0.02289999999999992
1979,2012-02-17,0.1451
1980,2012-02-16,0.11909999999999998
1981,2012-02-13,0.11050000000000004
1982,2012-02-10,0.017900000000000027
1983,2012-02-09,0.0786
1984,2012-02-06,-0.05119999999999991
1985,2012-02-03,-0.02499999999999991
1986,2012-02-02,-0.05500000000000016
1987,2012-01-30,-0.032299999999999995
1988,2012-01-27,-0.11419999999999986
1989,2012-01-26,-0.09309999999999996
1990,2012-01-23,0.026699999999999946
1991,2012-01-20,0.10129999999999995
1992,2012-01-19,0.1674
1993,2012-01-16,0.016199999999999992
1994,2012-01-13,-0.10150000000000015
1995,2012-01-12,-0.08930000000000016
1996,2012-01-09,-0.10330000000000017
1997,2012-01-06,-0.1313000000000002
1998,2012-01-05,-0.049000000000000155
1999,2012-01-02,-0.15690000000000004
2000,2011-12-30,-0.19179999999999997
2001,2011-12-29,-0.09250000000000003
2002,2011-12-28,-0.057700000000000085
2003,2011-12-23,0.14090000000000003
2004,2011-12-22,0.03059999999999996
2005,2011-12-21,0.011800000000000033
2006,2011-12-16,-0.15260000000000007
2007,2011-12-15,-0.1372000000000002
2008,2011-12-14,-0.15290000000000004
2009,2011-12-09,0.09960000000000013
2010,2011-12-08,-0.10650000000000026
2011,2011-12-07,-0.007500000000000284
2012,2011-12-02,0.047700000000000076
2013,2011-12-01,0.09840000000000004
2014,2011-11-28,-0.3428
2015,2011-11-25,-0.1454000000000002
2016,2011-11-24,-0.3501000000000001
2017,2011-11-21,-0.26419999999999977
2018,2011-11-18,-0.16589999999999971
2019,2011-11-17,-0.19479999999999986
2020,2011-11-14,-0.19209999999999994
2021,2011-11-11,-0.09319999999999995
2022,2011-11-10,-0.020000000000000018
2023,2011-11-07,-0.03929999999999989
2024,2011-11-04,0.2120000000000002
2025,2011-11-03,0.3173999999999999
2026,2011-10-28,0.33699999999999997
2027,2011-10-27,0.4252999999999998
2028,2011-10-26,0.30390000000000006
2029,2011-10-21,0.3615999999999999
2030,2011-10-20,0.2503000000000002
2031,2011-10-19,0.2097
2032,2011-10-14,0.264
2033,2011-10-13,0.19279999999999986
2034,2011-10-12,0.26260000000000017
2035,2011-10-07,0.033500000000000085
2036,2011-10-06,0.0032000000000000917
2037,2011-10-05,-0.09800000000000009
2038,2011-09-30,-0.26129999999999987
2039,2011-09-29,-0.2599
2040,2011-09-26,-0.2897000000000003
2041,2011-09-23,-0.3196000000000001
2042,2011-09-22,-0.3877999999999999
2043,2011-09-19,-0.11170000000000013
2044,2011-09-16,-0.17169999999999996
2045,2011-09-15,-0.22330000000000005
2046,2011-09-12,-0.3072999999999999
2047,2011-09-09,-0.33050000000000024
2048,2011-09-08,-0.33919999999999995
2049,2011-09-05,-0.5728
2050,2011-09-02,-0.6257000000000001
2051,2011-09-01,-0.6135000000000002
2052,2011-08-29,-0.54
2053,2011-08-26,-0.7629999999999999
2054,2011-08-25,-0.7719999999999998
2055,2011-08-22,-0.8563000000000001
2056,2011-08-19,-0.8178999999999998
2057,2011-08-18,-0.8652000000000002
2058,2011-08-15,-0.6005000000000003
2059,2011-08-12,-0.6221999999999999
2060,2011-08-11,-0.5789999999999997
2061,2011-08-08,-0.7089000000000003
2062,2011-08-05,-0.5625
2063,2011-08-04,-0.7795000000000001
2064,2011-08-01,-0.4386000000000001
2065,2011-07-29,-0.3157000000000001
2066,2011-07-28,-0.08540000000000036
2067,2011-07-27,0.04980000000000029
2068,2011-07-22,-0.020399999999999974
2069,2011-07-21,0.030100000000000016
2070,2011-07-20,-0.03049999999999997
2071,2011-07-15,-0.06339999999999968
2072,2011-07-14,-0.14380000000000015
2073,2011-07-13,-0.10139999999999993
2074,2011-07-08,0.08810000000000029
2075,2011-07-07,0.14280000000000026
2076,2011-07-06,0.11299999999999999
2077,2011-07-01,0.24150000000000027
2078,2011-06-30,0.08650000000000002
2079,2011-06-27,-0.14300000000000024
2080,2011-06-24,-0.2503000000000002
2081,2011-06-23,-0.21700000000000008
2082,2011-06-20,-0.1870999999999996
2083,2011-06-17,-0.1713
2084,2011-06-16,-0.2195999999999998
2085,2011-06-13,-0.18710000000000004
2086,2011-06-10,-0.24419999999999975
2087,2011-06-09,-0.16369999999999996
2088,2011-06-06,-0.15090000000000003
2089,2011-06-03,-0.2614000000000001
2090,2011-06-02,-0.24909999999999988
2091,2011-05-27,-0.28169999999999984
2092,2011-05-26,-0.24980000000000002
2093,2011-05-25,-0.23229999999999995
2094,2011-05-20,-0.2626000000000004
2095,2011-05-19,-0.19220000000000015
2096,2011-05-18,-0.19419999999999993
2097,2011-05-13,-0.28759999999999986
2098,2011-05-12,-0.2679
2099,2011-05-11,-0.4254000000000002
2100,2011-05-06,-0.39929999999999977
2101,2011-05-05,-0.32959999999999967
2102,2011-05-04,-0.20199999999999996
2103,2011-04-29,-0.20089999999999986
2104,2011-04-28,-0.12069999999999981
2105,2011-04-25,-0.07610000000000028
2106,2011-04-22,0.06440000000000001
2107,2011-04-21,0.06810000000000027
2108,2011-04-18,0.10650000000000004
2109,2011-04-15,0.10490000000000022
2110,2011-04-14,0.14159999999999995
2111,2011-04-11,0.18220000000000036
2112,2011-04-08,0.02950000000000008
2113,2011-04-07,0.03279999999999994
2114,2011-04-04,-0.07210000000000027
2115,2011-04-01,0.05010000000000003
2116,2011-03-28,0.0040999999999997705
2117,2011-03-25,0.02629999999999999
2118,2011-03-24,-0.04400000000000004
2119,2011-03-23,-0.13470000000000004
2120,2011-03-22,-0.12700000000000022
2121,2011-03-21,-0.2592000000000003
2122,2011-03-18,-0.31210000000000004
2123,2011-03-17,-0.3174999999999999
2124,2011-03-16,-0.44930000000000003
2125,2011-03-15,-0.3014000000000001
2126,2011-03-14,-0.2631000000000001
2127,2011-03-11,-0.22630000000000017
2128,2011-03-10,-0.33440000000000003
2129,2011-03-09,-0.17900000000000027
2130,2011-03-08,-0.1896
2131,2011-03-07,-0.11759999999999993
2132,2011-03-04,-0.14559999999999995
2133,2011-03-03,0.006600000000000161
2134,2011-03-02,-0.007400000000000073
2135,2011-03-01,-0.0472999999999999
2136,2011-02-28,0.1057999999999999
2137,2011-02-25,0.08410000000000029
2138,2011-02-24,0.04330000000000034
2139,2011-02-21,0.18320000000000025
2140,2011-02-18,0.2136
2141,2011-02-17,0.24339999999999984
2142,2011-02-14,0.2963
2143,2011-02-11,0.2892000000000001
2144,2011-02-10,0.4096000000000002
2145,2011-02-07,0.3062
2146,2011-02-04,0.3069000000000002
2147,2011-02-03,0.21640000000000015
2148,2011-01-31,0.07690000000000019
2149,2011-01-28,-0.15809999999999969
2150,2011-01-27,0.05790000000000006
2151,2011-01-24,0.011099999999999888
2152,2011-01-21,0.10109999999999975
2153,2011-01-20,0.11299999999999999
2154,2011-01-17,0.0011999999999998678
2155,2011-01-14,-0.14959999999999996
2156,2011-01-13,0.02220000000000022
2157,2011-01-10,-0.035800000000000054
2158,2011-01-07,0.19799999999999995
2159,2011-01-06,0.4731000000000001
2160,2011-01-03,0.32689999999999975
2161,2010-12-30,0.5677999999999996
2162,2010-12-29,0.5284
2163,2010-12-24,0.48130000000000006
2164,2010-12-23,0.6163000000000003
2165,2010-12-22,0.5439000000000003
2166,2010-12-17,0.45130000000000026
2167,2010-12-16,0.5824000000000003
2168,2010-12-15,0.5725000000000002
2169,2010-12-10,0.6903999999999999
2170,2010-12-09,0.5478999999999998
2171,2010-12-08,0.7221000000000002
2172,2010-12-03,0.43530000000000024
2173,2010-12-02,0.40190000000000037
2174,2010-12-01,0.34129999999999994
2175,2010-11-29,0.22120000000000006
2176,2010-11-26,0.22699999999999987
2177,2010-11-25,0.34719999999999995
2178,2010-11-22,0.2477999999999998
2179,2010-11-19,0.3961000000000001
2180,2010-11-18,0.3875000000000002
2181,2010-11-15,0.39959999999999996
2182,2010-11-12,0.3562000000000003
2183,2010-11-11,0.2527999999999997
2184,2010-11-08,0.1581999999999999
2185,2010-11-05,0.05820000000000025
2186,2010-11-04,0.013199999999999878
2187,2010-11-01,0.11319999999999997
2188,2010-10-29,0.09660000000000002
2189,2010-10-28,0.19229999999999992
2190,2010-10-27,0.19560000000000022
2191,2010-10-22,-0.0041999999999999815
2192,2010-10-21,-0.027500000000000302
2193,2010-10-20,-0.22379999999999978
2194,2010-10-15,-0.16100000000000003
2195,2010-10-14,-0.17139999999999977
2196,2010-10-13,-0.32600000000000007
2197,2010-10-08,-0.26350000000000007
2198,2010-10-07,-0.21099999999999985
2199,2010-10-06,-0.30489999999999995
2200,2010-10-01,-0.06329999999999991
2201,2010-09-30,-0.018700000000000383
2202,2010-09-27,-0.12049999999999983
2203,2010-09-24,0.11699999999999999
2204,2010-09-23,-0.04700000000000015
2205,2010-09-20,0.09200000000000008
2206,2010-09-17,0.1051000000000002
2207,2010-09-16,0.19819999999999993
2208,2010-09-13,0.07640000000000002
2209,2010-09-10,0.032399999999999984
2210,2010-09-09,-0.07010000000000005
2211,2010-09-06,-0.11410000000000009
2212,2010-09-03,-0.21150000000000002
2213,2010-09-02,-0.3378000000000001
2214,2010-08-30,-0.3766999999999996
2215,2010-08-27,-0.4038000000000004
2216,2010-08-26,-0.5169000000000001
2217,2010-08-23,-0.3961999999999999
2218,2010-08-20,-0.33750000000000036
2219,2010-08-19,-0.3786999999999998
2220,2010-08-16,-0.3588999999999998
2221,2010-08-13,-0.4491999999999998
2222,2010-08-12,-0.31730000000000036
2223,2010-08-09,-0.22310000000000008
2224,2010-08-06,-0.11359999999999992
2225,2010-08-05,-0.07220000000000004
2226,2010-08-02,-0.01609999999999978
2227,2010-07-30,-0.025900000000000034
2228,2010-07-29,0.030299999999999994
2229,2010-07-28,-0.03600000000000003
2230,2010-07-23,-0.12470000000000026
2231,2010-07-22,-0.23110000000000008
2232,2010-07-21,-0.36319999999999997
2233,2010-07-16,-0.3386
2234,2010-07-15,-0.3088000000000002
2235,2010-07-14,-0.2102999999999997
2236,2010-07-09,-0.12089999999999979
2237,2010-07-08,-0.15510000000000002
2238,2010-07-07,-0.1618999999999997
2239,2010-07-02,-0.363
2240,2010-07-01,-0.31210000000000004
2241,2010-06-28,-0.2711999999999999
2242,2010-06-25,-0.04999999999999982
2243,2010-06-24,-0.05709999999999971
2244,2010-06-21,0.0035000000000002807
2245,2010-06-18,-0.12670000000000003
2246,2010-06-17,-0.2982
2247,2010-06-14,-0.2004999999999999
2248,2010-06-11,-0.28889999999999993
2249,2010-06-10,-0.22129999999999983
2250,2010-06-07,-0.2833000000000001
2251,2010-06-04,-0.3878999999999997
2252,2010-06-03,-0.3180999999999998
2253,2010-05-28,-0.47060000000000013
2254,2010-05-27,-0.32719999999999994
2255,2010-05-26,-0.6168
2256,2010-05-21,-0.49770000000000003
2257,2010-05-20,-0.5867
2258,2010-05-19,-0.42920000000000025
2259,2010-05-14,-0.40590000000000037
2260,2010-05-13,-0.2942999999999998
2261,2010-05-12,-0.2706999999999997
2262,2010-05-07,-0.4276
2263,2010-05-06,-0.5566999999999998
2264,2010-05-05,-0.44709999999999983
2265,2010-04-30,-0.2033999999999998
2266,2010-04-29,-0.14000000000000012
2267,2010-04-26,-0.04139999999999988
2268,2010-04-23,0.12380000000000013
2269,2010-04-22,0.11350000000000016
2270,2010-04-19,0.10820000000000007
2271,2010-04-16,0.11329999999999973
2272,2010-04-15,0.1372
2273,2010-04-12,0.14109999999999978
2274,2010-04-09,0.18199999999999994
2275,2010-04-08,0.1743999999999999
2276,2010-04-05,0.3062999999999998
2277,2010-04-02,0.3405
2278,2010-04-01,0.26060000000000016
2279,2010-03-26,0.2351000000000001
2280,2010-03-25,0.24529999999999985
2281,2010-03-24,0.16149999999999975
2282,2010-03-23,0.002000000000000224
2283,2010-03-22,-0.13670000000000027
2284,2010-03-19,-0.08340000000000014
2285,2010-03-18,-0.1253000000000002
2286,2010-03-17,-0.09460000000000024
2287,2010-03-16,-0.007599999999999607
2288,2010-03-15,0.0040000000000000036
2289,2010-03-12,0.007800000000000029
2290,2010-03-11,0.011699999999999822
2291,2010-03-10,0.031799999999999606
2292,2010-03-09,0.05569999999999986
2293,2010-03-08,0.15600000000000014
2294,2010-03-05,0.1142000000000003
2295,2010-03-04,-0.0036000000000000476
2296,2010-03-03,-0.0873999999999997
2297,2010-03-02,-0.03639999999999999
2298,2010-03-01,-0.04220000000000024
2299,2010-02-26,-0.007099999999999884
2300,2010-02-25,0.005900000000000016
2301,2010-02-22,0.18840000000000012
2302,2010-02-19,0.08070000000000022
2303,2010-02-18,0.12670000000000003
2304,2010-02-15,0.01650000000000018
2305,2010-02-12,-0.017999999999999794
2306,2010-02-11,-0.10250000000000004
2307,2010-02-08,-0.27
2308,2010-02-05,-0.19540000000000024
2309,2010-02-04,-0.20970000000000022
2310,2010-02-01,-0.18489999999999984
2311,2010-01-29,-0.2128000000000001
2312,2010-01-28,-0.20579999999999998
2313,2010-01-25,-0.17649999999999988
2314,2010-01-22,-0.14670000000000005
2315,2010-01-21,-0.08870000000000022
2316,2010-01-18,0.13770000000000016
2317,2010-01-15,0.08829999999999982
2318,2010-01-14,0.19019999999999992
2319,2010-01-11,0.2682000000000002
2320,2010-01-08,0.44930000000000003
2321,2010-01-07,0.3945000000000003
2322,2010-01-04,0.34330000000000016
2323,2010-01-01,0.5528
