,Date,normalized_vol
0,2024-06-10,-5.9687500000000675
1,2024-06-07,-2.3350383631713028
2,2024-06-06,-0.8163934426227788
3,2024-06-03,6.478260869565391
4,2024-05-30,18.190288713912405
5,2024-05-29,-168.86206896533704
6,2024-05-24,12.524296675190838
7,2024-05-23,-43.60725388600752
8,2024-05-22,-5.1520252498683226
9,2024-05-17,3.4726724462873646
10,2024-05-16,-8.164317925591838
11,2024-05-15,-3.423400673400726
12,2024-05-10,0.07365992190282111
13,2024-05-09,-5.647694753577029
14,2024-05-08,-1.7816350867893895
15,2024-05-03,-2.384946486738021
16,2024-05-02,-3.3741229880314
17,2024-04-29,-2.5182779736500294
18,2024-04-26,-2.73719533733661
19,2024-04-25,-3.7125429553264344
20,2024-04-22,-2.2156734693877596
21,2024-04-19,-0.25196974472112266
22,2024-04-18,-0.7269503546098752
23,2024-04-15,-0.12134166392635343
24,2024-04-12,0.09709887507402205
25,2024-04-11,-0.03678449668046758
26,2024-04-08,0.7975310951089255
27,2024-04-05,-0.3832537788384789
28,2024-04-04,1.71677045308136
29,2024-03-29,1.7800024417043638
30,2024-03-28,2.9954407294833056
31,2024-03-27,1.168517809268508
32,2024-03-26,5.181347150259131
33,2024-03-22,4.075429214748097
34,2024-03-21,1.4349775784752834
35,2024-03-20,-2.417246647428302
36,2024-03-19,0.06508485747247865
37,2024-03-15,-1.1009979353062196
38,2024-03-14,-1.7723427730783214
39,2024-03-13,-1.0821917808219939
40,2024-03-12,0.8432432432432719
41,2024-03-08,0.38637770897827906
42,2024-03-07,-0.29676601141410913
43,2024-03-06,-4.061009174311816
44,2024-03-05,0.08393285371697574
45,2024-05-01,-12.054242002781416
46,2024-04-01,1.030513429563338
47,2024-03-01,-1.8473094170403335
48,2024-02-29,-4.25382262996953
49,2024-02-26,-12.454169130691842
50,2024-02-23,-14.010801393727979
51,2024-02-22,-10.941698727434007
52,2024-02-19,-7.3304940374787035
53,2024-02-16,-3.370015455950478
54,2024-02-15,-3.1218499851762975
55,2024-02-12,-8.420761245674743
56,2024-02-09,-6.149700598802173
57,2024-02-08,-3.3090909090908704
58,2024-02-05,4.805157593123369
59,2024-01-29,50.749999999998565
60,2024-01-26,-3.7219917012447503
61,2024-01-25,-0.47838785046738125
62,2024-01-22,-0.5811320754717203
63,2024-01-19,-3.234261501210654
64,2024-01-18,-2.5060599131031487
65,2024-01-15,-2.064251689376271
66,2024-01-12,-1.7547666533705617
67,2024-01-11,-0.675535231760554
68,2024-01-08,0.09520538535509414
69,2024-01-05,0.557585385226379
70,2023-12-29,-2.8536712678343634
71,2023-12-28,-1.5574136008918598
72,2023-12-27,0.019773129357881752
73,2023-12-22,-2.096026008054723
74,2023-12-21,-0.6424609178013171
75,2023-12-20,-0.13130256876562835
76,2023-12-15,-0.9912565905096682
77,2023-12-14,-0.13575686340357312
78,2023-12-13,-1.6178343949044758
79,2023-12-08,-1.5099221104544032
80,2023-12-07,-0.8105571178840209
81,2023-12-06,-0.7059531420405418
82,2024-02-02,-0.04441186616075836
83,2024-01-04,0.3165829145728602
84,2024-02-01,1.1725536062378275
85,2024-01-01,-0.6515775034293578
86,2023-12-01,-2.5531929031829343
87,2023-11-30,-1.4609774523477341
88,2023-11-27,-1.3132966437594418
89,2023-11-24,-0.5871905956271687
90,2023-11-23,-0.7616906474820189
91,2023-11-20,-1.1001666780829653
92,2023-11-17,-1.639511503375874
93,2023-11-16,-1.3030698889614558
94,2023-11-13,-1.0147533963953432
95,2023-11-10,-0.9009753766086572
96,2023-11-09,-1.0728415603623518
97,2023-11-06,-1.1174247447288062
98,2023-11-03,-0.9397533206831137
99,2023-10-27,-0.20912547528516715
100,2023-10-26,0.05662503410075391
101,2023-10-25,-0.07487506973542174
102,2023-10-20,-0.09301237335538674
103,2023-10-19,0.25563252888212956
104,2023-10-18,0.2774494941682401
105,2023-10-13,0.2620959713280665
106,2023-10-12,0.47698287380055865
107,2023-10-11,0.3272474286896175
108,2023-10-06,0.38978269954032013
109,2023-10-05,0.5823436376707397
110,2023-10-04,0.6371503631587093
111,2023-09-29,0.0861567579823137
112,2023-09-28,-0.16949905258171405
113,2023-09-25,0.08727360638233575
114,2023-09-22,0.4036697247706404
115,2023-09-21,0.1989130900827484
116,2023-09-18,0.2215010141987811
117,2023-09-15,0.43785173094258256
118,2023-09-14,0.4430569057055249
119,2023-09-11,0.2776637432356762
120,2023-09-08,0.08711134478884773
121,2023-09-07,0.3644681441724877
122,2023-09-04,0.11016407884594116
123,2023-11-02,-0.30948229816481077
124,2023-09-01,0.25324846125519407
125,2023-08-31,0.3024974963089864
126,2023-08-28,0.6423775180303449
127,2023-08-25,0.4376726144297947
128,2023-08-24,0.45150219948211023
129,2023-08-21,0.2756372499238354
130,2023-08-18,0.374992478488472
131,2023-08-17,0.13220093090733565
132,2023-08-14,0.4906994083642368
133,2023-08-11,0.37861501470433573
134,2023-08-10,0.688323436853402
135,2023-08-07,0.5175065661432625
136,2023-08-04,0.5953728771843443
137,2023-08-03,0.9430729181565962
138,2023-07-28,0.6521576452980763
139,2023-07-27,1.0256442489000597
140,2023-07-26,0.6457711006964215
141,2023-07-21,0.857449381979652
142,2023-07-20,1.2973271611655688
143,2023-07-19,1.259812406244339
144,2023-07-14,0.9016970280313416
145,2023-07-13,1.2354874216344665
146,2023-07-12,1.0498245169263922
147,2023-07-07,0.4084521011993814
148,2023-07-06,0.7431511313188618
149,2023-07-05,0.3530211480362559
150,2023-06-30,0.1926489599247857
151,2023-06-29,0.5831796032661832
152,2023-06-26,0.46960466435000164
153,2023-06-23,0.3804583835946951
154,2023-06-22,0.3901670504806829
155,2023-06-19,-0.012737749664228425
156,2023-06-16,0.448237273206407
157,2023-06-15,0.461911998842091
158,2023-06-12,0.38381552257927026
159,2023-06-09,0.31748925734469047
160,2023-06-08,0.15641931684334345
161,2023-06-05,0.4783941308906765
162,2023-06-02,1.4332451592424125
163,2023-06-01,1.9603742041048628
164,2023-05-26,0.7203535060263163
165,2023-05-25,1.5325028749383935
166,2023-05-24,2.1263099402289716
167,2023-05-19,0.7544252633959201
168,2023-05-18,0.914357628738073
169,2023-05-17,1.3240523408621374
170,2023-05-12,1.1683080757326014
171,2023-05-11,1.3257578845814153
172,2023-05-10,1.2799266739817488
173,2023-05-05,1.9495704913675418
174,2023-05-04,2.3134833267365953
175,2023-05-03,2.332533807785962
176,2023-04-28,1.8812241062405068
177,2023-04-27,2.365193018955156
178,2023-04-24,1.6223460765245248
179,2023-04-21,1.8517810715317455
180,2023-04-20,2.3994338457502917
181,2023-04-17,2.8370622843971867
182,2023-04-14,1.0205408174701027
183,2023-04-13,0.836534471982817
184,2023-04-10,0.39022581259458844
185,2023-04-07,-0.6447973255328044
186,2023-04-06,-0.1768610622858101
187,2023-03-28,-0.4651726117849702
188,2023-03-27,-0.3983617966700573
189,2023-03-24,-0.6170570093743324
190,2023-03-23,-0.7551434002953302
191,2023-03-22,-0.5516930079443744
192,2023-03-21,-0.5926995357968133
193,2023-03-20,-0.8541285111532539
194,2023-03-17,-1.4557093330072848
195,2023-03-16,-0.5942172204524853
196,2023-03-15,-0.42825119722854443
197,2023-03-14,0.12353868600262406
198,2023-03-13,0.0535912781667051
199,2023-03-10,0.3894251429107947
200,2023-03-09,0.6398594927659805
201,2023-03-08,0.812178501877242
202,2023-03-07,0.7397442261609285
203,2023-03-06,0.5975320035617604
204,2023-04-03,-0.43553135936892257
205,2023-03-03,0.5721141621033095
206,2023-03-02,0.6414606251059828
207,2023-03-01,0.5797852143199994
208,2023-02-27,0.25070559273256743
209,2023-02-24,0.33979071821702983
210,2023-02-23,0.42077427543896795
211,2023-02-20,0.41690421892816587
212,2023-02-17,0.5504423889000615
213,2023-02-16,0.5522897324004994
214,2023-02-13,0.45639864099660354
215,2023-02-10,0.39006823725365486
216,2023-02-09,0.34059670584499285
217,2023-02-06,0.11683757037770372
218,2023-02-03,0.688188761339057
219,2023-02-02,0.656633898941831
220,2023-01-30,0.7490492650741728
221,2023-01-27,0.9911980131714496
222,2023-01-26,0.8939182956946061
223,2023-01-23,0.8565547252826614
224,2023-01-20,0.8571969346710431
225,2023-01-19,0.9136121776977675
226,2023-01-16,0.7258103559572108
227,2023-01-13,0.6064009330021467
228,2023-01-12,0.6887452732137711
229,2023-01-09,0.7192859174488433
230,2023-01-06,0.678302348336595
231,2023-01-05,0.7153172224152367
232,2023-01-02,0.20181606190156548
233,2022-12-30,0.04882648784576656
234,2022-12-29,0.1529334875069137
235,2022-12-28,0.34867493133397637
236,2022-12-23,0.1262113122043503
237,2022-12-22,0.27568575124519956
238,2022-12-21,0.1881120310743128
239,2022-12-16,0.08185455225275831
240,2022-12-15,0.32152862475514654
241,2022-12-14,0.2707122039081405
242,2022-12-09,0.14299275906328
243,2022-12-08,0.16284745469860198
244,2022-12-07,0.3492265035266053
245,2022-12-02,0.23176425491591987
246,2022-11-28,0.4016168275645544
247,2022-11-25,0.5442293642405712
248,2022-11-24,0.41394394301986126
249,2022-11-21,0.4584587633649901
250,2022-11-18,0.6653796989539029
251,2022-11-17,0.8563192693716404
252,2022-11-14,0.8550946989736534
253,2022-11-11,1.381949625294204
254,2022-11-10,1.5710352866015265
255,2022-11-07,1.4233461660018054
256,2022-11-04,1.4688534479508335
257,2022-10-28,1.5453639494596394
258,2022-10-27,1.5567079054515203
259,2022-10-26,1.6042051897805334
260,2022-10-21,1.4652456350771554
261,2022-10-20,1.6497822884623712
262,2022-10-19,1.7941850975835794
263,2022-10-14,1.152610140690207
264,2022-10-13,1.2270547840130315
265,2022-10-12,1.183551209061515
266,2022-10-07,0.7733127821204447
267,2022-10-06,1.005633516601375
268,2022-10-05,1.0680133813690176
269,2022-12-01,0.37191731885783696
270,2022-11-03,1.9056612944664708
271,2022-09-30,0.8704205755968252
272,2022-09-29,0.9536694179943199
273,2022-09-26,0.9038437464518931
274,2022-09-23,1.1646129836248866
275,2022-09-22,1.0955966650064397
276,2022-09-19,1.1076113694293037
277,2022-09-16,1.2132491999927961
278,2022-09-15,1.392361872730375
279,2022-09-12,1.3576273074376388
280,2022-09-09,1.1507757950680129
281,2022-09-08,1.3225175110030511
282,2022-09-05,1.0545656263566634
283,2022-09-02,1.1686361255020656
284,2022-09-01,1.6417947479073893
285,2022-08-29,1.4944368145538496
286,2022-08-26,0.9701328847771227
287,2022-08-25,0.9672415142758924
288,2022-08-22,0.911363892330218
289,2022-08-19,0.5819501967902757
290,2022-08-18,0.9360902255639095
291,2022-08-15,0.7189105787378247
292,2022-08-12,1.0657843089996346
293,2022-08-11,1.4924132255038371
294,2022-08-08,1.792818681471975
295,2022-08-05,2.3887075254776167
296,2022-08-04,2.2977918349756394
297,2022-07-29,2.0436407181998018
298,2022-07-28,2.013248557068616
299,2022-07-27,2.3910452371147084
300,2022-07-22,2.8877479353854345
301,2022-07-21,3.090958872043105
302,2022-07-20,3.141597165204615
303,2022-07-15,2.619077919824145
304,2022-07-14,2.2537524572394396
305,2022-07-13,3.0490242204113884
306,2022-07-08,2.6464663152012826
307,2022-07-07,2.552199718042755
308,2022-07-06,2.8045900995623816
309,2022-06-30,2.705512795210842
310,2022-06-27,2.904273058293726
311,2022-06-24,2.8851884054565318
312,2022-06-23,2.950738466594048
313,2022-06-20,2.940269749518305
314,2022-06-17,2.8443835437669245
315,2022-06-16,2.86261080046788
316,2022-06-13,3.482508954041761
317,2022-06-10,2.581801430263679
318,2022-06-09,2.8402399004186942
319,2022-06-06,2.4162868429048925
320,2022-06-03,1.5766784055448155
321,2022-06-02,2.350605817813169
322,2022-08-01,2.6269604315265176
323,2022-07-01,2.698372080651169
324,2022-05-27,1.5489439497207178
325,2022-05-26,1.8164655808605228
326,2022-05-25,1.8221434089472586
327,2022-05-20,1.5338001615943977
328,2022-05-19,1.4852441031267136
329,2022-05-18,1.8716006179848483
330,2022-05-13,1.6663971539456655
331,2022-05-12,1.8247935808745768
332,2022-05-11,1.6120522077200776
333,2022-05-06,1.3132929014751882
334,2022-05-05,1.6481936631667709
335,2022-05-04,2.7113823695966768
336,2022-04-29,2.804864859018591
337,2022-04-28,2.606378228741097
338,2022-04-25,2.679618768328446
339,2022-04-22,3.0150397275822916
340,2022-04-21,3.749847244286936
341,2022-04-18,4.304316336514148
342,2022-04-15,3.583638746957009
343,2022-04-14,4.369064718104613
344,2022-04-11,4.263910083343115
345,2022-04-08,4.468296975591682
346,2022-04-07,4.95662717271011
347,2022-04-04,3.4614562872600723
348,2022-04-01,3.1770852034038293
349,2022-03-28,3.797356663488682
350,2022-03-25,3.8621692238178484
351,2022-03-24,2.973959726021761
352,2022-03-23,1.8003163136634683
353,2022-03-22,2.602915387987726
354,2022-03-21,2.026728173122584
355,2022-03-18,0.8942415206857999
356,2022-03-17,0.7445786536695633
357,2022-03-16,0.3535633944383269
358,2022-03-15,1.0717071634487279
359,2022-03-14,0.2535709026652925
360,2022-03-11,0.30982367758186424
361,2022-03-10,-0.25500111549044213
362,2022-03-09,1.7796471781676042
363,2022-03-08,1.6167951709445054
364,2022-03-07,2.1013948914365583
365,2022-03-04,1.8398401065956018
366,2022-03-03,2.8982325023184763
367,2022-03-02,3.1294231151215928
368,2022-02-28,2.816945734539234
369,2022-02-25,2.8878492856239744
370,2022-02-24,3.813471502590677
371,2022-02-21,4.3563472083319
372,2022-02-18,5.679407062926904
373,2022-02-17,6.976222135314825
374,2022-02-14,8.620077483077191
375,2022-02-11,8.81676292301084
376,2022-02-10,12.043664842828024
377,2022-02-07,5.950584518167451
378,2022-02-04,8.141953905771976
379,2022-02-03,8.191795337571904
380,2022-01-31,9.958206943040098
381,2022-01-28,10.14908146580744
382,2022-01-27,13.111305872042072
383,2022-01-24,10.237290356394135
384,2022-01-21,12.784049259639355
385,2022-01-20,17.316490269716635
386,2022-01-17,13.97559912854032
387,2022-01-14,13.906471421823351
388,2022-01-13,14.41346659652814
389,2022-01-10,9.631055502085347
390,2022-01-07,8.822615719167455
391,2022-01-06,13.566656061088148
392,2022-01-03,3.057088122605338
393,2022-03-01,3.212935568704801
394,2021-12-30,-3.9327296248382964
395,2021-12-29,0.0
396,2021-12-24,0.5226130653266338
397,2021-12-23,2.7889908256880767
398,2021-12-22,3.3229562737642615
399,2021-12-17,-1.7685305591677343
400,2021-12-16,-1.236274908499375
401,2021-12-15,-0.8067681217460965
402,2021-12-10,0.7627593942793056
403,2021-12-09,1.4766558089033681
404,2021-12-08,3.3207964601769957
405,2021-12-03,0.37223152801042314
406,2021-11-29,-1.45315068493151
407,2021-11-26,-1.4448628294782164
408,2021-11-25,0.698620445702145
409,2021-11-22,-1.405781584582443
410,2021-11-19,0.0
411,2021-11-18,1.1277235161532697
412,2021-11-15,0.0
413,2021-11-12,0.0
414,2021-11-11,-0.39334793865763845
415,2021-11-08,-1.5612366230677779
416,2021-11-05,0.3913991280221963
417,2021-10-29,2.9446447507953346
418,2021-10-28,3.549428379287156
419,2021-10-27,4.593236261155473
420,2021-10-22,4.885819975339088
421,2021-10-21,5.023930753564157
422,2021-10-20,4.7771428571428585
423,2021-10-15,2.189549749861013
424,2021-10-14,1.162817889505969
425,2021-10-13,1.7364985163204512
426,2021-10-08,1.9999999999999978
427,2021-10-07,2.9627679578788686
428,2021-10-06,2.287724784988238
429,2021-12-02,-1.3000000000000007
430,2021-11-04,1.5885286783042405
431,2021-12-01,0.0
432,2021-11-01,2.232860235746911
433,2021-10-01,-1.8049001814881631
434,2021-09-30,-2.888888888888844
435,2021-09-27,-8.249999999999986
436,2021-09-24,-4.952999999999991
437,2021-09-23,-7.0298734177214675
438,2021-09-20,-10.620283018867907
439,2021-09-17,-18.480243161094183
440,2021-09-16,-20.01520912547524
441,2021-09-13,-8.413849958779851
442,2021-09-10,-3.764176417641743
443,2021-09-09,-7.626151012891304
444,2021-09-06,-6.498449612402995
445,2021-09-03,-4.208305866842379
446,2021-09-02,0.0
447,2021-08-30,0.0
448,2021-08-27,3.3925686591276145
449,2021-08-26,1.7466329966329883
450,2021-08-23,-4.158415841584109
451,2021-08-20,21.212121212119595
452,2021-08-19,113.2837837837731
453,2021-08-16,-15.8170212765959
454,2021-08-13,-2.7577150361129505
455,2021-08-12,1.3191354100445074
456,2021-08-09,-0.8713692946058126
457,2021-08-06,-0.0
458,2021-08-05,-2.1811894882434366
459,2021-08-02,-0.5554425228890947
460,2021-07-30,-0.0
461,2021-07-29,-0.5112096575511225
462,2021-07-28,-0.9296594982078875
463,2021-07-23,-1.2907399919126596
464,2021-07-22,-1.6857825567502855
465,2021-07-21,-2.036908212560391
466,2021-07-16,-3.1270860077021885
467,2021-07-15,-3.7126944837340954
468,2021-07-14,-4.34510074048563
469,2021-07-09,-3.6578090176581592
470,2021-07-08,-3.1089206505667875
471,2021-07-07,-3.682143425027832
472,2021-07-02,-3.236180904522618
473,2021-07-01,-4.016129032258059
474,2021-06-28,-4.366166439290583
475,2021-06-25,-3.8211645700946764
476,2021-06-24,-4.189730200174072
477,2021-06-21,-3.350630455868095
478,2021-06-18,-2.457968986825234
479,2021-06-17,-1.920504009163806
480,2021-06-14,-1.4334792859548693
481,2021-06-11,-1.3926481951650223
482,2021-06-10,-1.9995773457311865
483,2021-06-07,-1.0535536531953034
484,2021-06-04,-0.41614235155327606
485,2021-06-03,-0.6094685990338095
486,2021-05-28,-0.0
487,2021-05-27,-0.0
488,2021-05-26,0.19160583941605114
489,2021-05-21,1.1628116281162835
490,2021-05-20,0.781823159047352
491,2021-05-19,0.9623815967523696
492,2021-05-14,1.3181181005782392
493,2021-05-13,0.18688261991634053
494,2021-05-12,0.18646776771443072
495,2021-05-07,0.37398803238295686
496,2021-05-06,0.3786459254021572
497,2021-05-05,0.3812066203950886
498,2021-04-30,0.5773527571722159
499,2021-04-29,0.5786456467215984
500,2021-04-26,0.5882458824588253
501,2021-04-23,-0.9782510194834629
502,2021-04-22,-0.9649593277911874
503,2021-04-19,-1.360564890954596
504,2021-04-16,0.19445666520017624
505,2021-04-15,0.5684618092220981
506,2021-04-12,0.9589955219949087
507,2021-04-09,1.532143491386967
508,2021-04-08,1.7480916030534375
509,2021-04-05,0.7762287756925838
510,2021-04-02,1.356749932365409
511,2021-04-01,1.563094483195944
512,2021-03-26,1.386719811577138
513,2021-03-25,1.3930577294908413
514,2021-03-24,1.2123486910012218
515,2021-03-23,1.6505643772718606
516,2021-03-22,2.0813579163008518
517,2021-03-19,2.528817587641121
518,2021-03-18,2.5762711864406818
519,2021-03-17,2.6391784820683943
520,2021-03-16,1.809385738831618
521,2021-03-15,2.0524755736085134
522,2021-03-12,1.427884064612205
523,2021-03-11,0.7177334732423841
524,2021-03-10,0.7328571428571341
525,2021-03-09,-0.25686059275521433
526,2021-03-08,-0.7489361702127669
527,2021-03-05,-0.4877453969028173
528,2021-03-04,-0.727669373409275
529,2021-03-03,0.49134146341463475
530,2021-02-26,3.1828294725821142
531,2021-02-25,3.811639634728093
532,2021-02-22,4.755446927374295
533,2021-02-19,4.832515767344072
534,2021-02-18,5.679892601431983
535,2021-02-15,5.012345679012348
536,2021-02-12,4.8068669527897026
537,2021-02-11,5.672177609825233
538,2021-02-08,5.798747189206549
539,2021-02-05,6.582129165437933
540,2021-02-04,5.153277634961445
541,2021-01-29,4.494011976047907
542,2021-01-28,3.67638083613061
543,2021-01-25,1.5852136341814702
544,2021-01-22,0.5940725449719854
545,2021-01-21,1.1382310984308144
546,2021-01-18,0.5644811115935741
547,2021-01-15,-1.036798764796707
548,2021-01-14,-0.9811854402360954
549,2021-01-11,-1.676909996356129
550,2021-01-08,-0.22455449874274874
551,2021-01-07,-0.8575077152282651
552,2021-01-04,0.8293504579429339
553,2021-03-02,1.039794777346577
554,2021-03-01,1.0484844465079197
555,2021-02-01,0.907953879226101
556,2021-01-01,1.4761704807894196
557,2020-12-30,0.016987420707450827
558,2020-12-25,-0.20157756354075385
559,2020-12-24,-0.6632310105310333
560,2020-12-23,-1.114777777777778
561,2020-12-18,-0.945139782430694
562,2020-12-17,-0.24251242876197412
563,2020-12-16,-0.0
564,2020-12-11,2.723358449946179
565,2020-12-10,2.1392959661580306
566,2020-12-09,2.170599192797269
567,2020-12-04,1.9808929615909545
568,2020-12-03,2.204242291712225
569,2020-12-02,1.8297728805936593
570,2020-11-30,2.9366593299095145
571,2020-11-27,4.193216855087332
572,2020-11-26,-0.9461235216819619
573,2020-11-23,6.942424242424244
574,2020-11-20,10.896057347670254
575,2020-11-19,23.984220907297832
576,2020-11-16,16.912676056338036
577,2020-11-13,3.933136676499514
578,2020-11-12,3.364692861095697
579,2020-11-09,2.3275563258231773
580,2020-11-06,-0.7487832272557091
581,2020-11-05,0.0740055504162812
582,2020-11-02,-0.0
583,2020-10-30,2.5993548387096235
584,2020-10-29,-0.0
585,2020-10-28,2.20664206642056
586,2020-10-23,-1.051650692225774
587,2020-10-22,0.6124031007751947
588,2020-10-21,2.4618749999999787
589,2020-10-16,-0.5437775330396262
590,2020-10-15,-1.4171649665845962
591,2020-10-14,-1.347615756738081
592,2020-10-09,-139.62790697675595
593,2020-10-08,11.99263080324237
594,2020-10-07,5.2858384013900155
595,2020-10-02,0.7347491761259553
596,2020-09-28,0.2388396454472168
597,2020-09-25,-0.036821913879029076
598,2020-09-24,-0.056172882537469514
599,2020-09-21,0.09128141767054401
600,2020-09-18,0.06839727416745599
601,2020-09-17,0.014813059192984535
602,2020-09-14,-0.08144293301720616
603,2020-09-11,-0.04664196123147047
604,2020-09-10,-0.05410156667450318
605,2020-09-07,-0.04123903619316423
606,2020-09-04,-0.047564674071908425
607,2020-09-03,-0.05552502099556309
608,2020-08-31,-0.035405115402208094
609,2020-08-28,0.008999153925699293
610,2020-08-27,0.008551953646299645
611,2020-08-24,0.060268363838140965
612,2020-08-21,0.06917281213584676
613,2020-08-20,0.0692695585503229
614,2020-08-17,0.06049571293545773
615,2020-08-14,0.14751479965013245
616,2020-08-13,0.11426574315307837
617,2020-08-10,0.11391436984037287
618,2020-08-07,0.17517092234208306
619,2020-08-06,0.17470242289902202
620,2020-08-03,0.18476657633862723
621,2020-07-30,0.15214864434361086
622,2020-07-29,0.08995227709516507
623,2020-07-24,0.11690449343546236
624,2020-07-23,0.11686258928802745
625,2020-07-22,0.09891136110126328
626,2020-07-17,0.15328628238358782
627,2020-07-16,0.17110309045792912
628,2020-07-15,0.0919594189291396
629,2020-07-10,0.14510056259401927
630,2020-07-09,0.11780326941076562
631,2020-07-08,0.08004392654505521
632,2020-07-03,0.03650456961793281
633,2020-07-02,0.009288343825560371
634,2020-06-29,0.010222243497408537
635,2020-06-26,-0.07040203035978879
636,2020-06-25,-0.07908611599296977
637,2020-06-22,-0.08808162204315052
638,2020-06-19,-0.11465141847962533
639,2020-06-18,-0.14114488072537618
640,2020-06-15,-0.18703225750761768
641,2020-06-12,-0.10634405454733291
642,2020-06-11,-0.19485121975317124
643,2020-06-08,-0.21919964318032692
644,2020-06-05,-0.17468600931829537
645,2020-06-04,-0.14801168793552857
646,2020-05-29,-0.15565921507651262
647,2020-05-28,-0.18968583283935944
648,2020-05-27,-0.16292454620201127
649,2020-05-22,-0.07683177950285813
650,2020-05-21,-0.06820147853450403
651,2020-05-20,-0.14378252892500093
652,2020-05-15,0.059217599867670175
653,2020-05-14,0.09236732505876047
654,2020-05-13,0.2762862522921069
655,2020-05-08,0.22532065494079584
656,2020-05-07,0.09995411942059382
657,2020-05-06,-0.17415835691048298
658,2020-10-01,0.07395998168571671
659,2020-07-01,-0.02057334467578975
660,2020-06-01,-0.09618855634017044
661,2020-05-01,-0.19724184760642136
662,2020-04-30,-0.21907833807044994
663,2020-04-27,-0.40893762202457257
664,2020-04-24,-0.4270169118305004
665,2020-04-23,-0.4054857125330205
666,2020-04-20,-0.3151308950004726
667,2020-04-17,0.1517624872351052
668,2020-04-16,0.24039721653100027
669,2020-04-13,0.148688547981692
670,2020-04-10,0.6945290959222171
671,2020-04-09,0.4279160113357153
672,2020-04-06,1.145730746059747
673,2020-04-03,2.4980964052880053
674,2020-04-02,3.386066096342314
675,2020-03-27,4.502451979683053
676,2020-03-26,5.334985606009042
677,2020-03-25,5.485188068769224
678,2020-03-24,5.708027198466664
679,2020-03-20,6.288717870841642
680,2020-03-19,6.781203487135872
681,2020-03-18,7.3584236269839876
682,2020-03-17,7.244011170607978
683,2020-03-13,7.457949640543558
684,2020-03-12,7.837129697805212
685,2020-03-11,7.988895063121889
686,2020-03-10,8.368309716305895
687,2020-03-06,9.316732037412184
688,2020-03-05,8.864538646113578
689,2020-03-04,8.857663043478263
690,2020-03-03,7.4802427883878515
691,2020-02-28,3.5777453365774563
692,2020-02-27,1.4882258996228188
693,2020-02-24,-0.0
694,2020-02-21,-0.16756827860631215
695,2020-02-20,-0.23292750959866
696,2020-02-17,-0.191206902040684
697,2020-02-14,-0.20238914345108275
698,2020-02-13,-0.41116173120728955
699,2020-02-10,-0.14169942803616187
700,2020-02-07,-0.26539283769967326
701,2020-02-06,-0.4252818802604407
702,2020-02-03,-0.4590642152535218
703,2020-01-31,0.05320064349582854
704,2020-01-30,-0.30174834337913137
705,2020-01-27,0.1722959113906742
706,2020-01-24,0.39901898851770484
707,2020-01-23,0.07175356157231302
708,2020-01-20,0.07473123631295853
709,2020-01-17,-0.139773178270335
710,2020-01-16,0.021369608462078152
711,2020-01-13,0.188995329329901
712,2020-01-10,0.09656058394160497
713,2020-01-09,0.08922216573462131
714,2020-01-06,-0.11400941595622949
715,2020-01-03,0.4508164524998582
716,2019-12-27,0.29050121612230734
717,2019-12-26,0.11476703273270081
718,2019-12-25,0.12332891983086412
719,2019-12-20,-0.03880518214677258
720,2019-12-19,-0.0587448345571841
721,2019-12-18,0.016774436313586456
722,2019-12-13,0.05860143983414333
723,2019-12-12,0.12788433770855276
724,2019-12-11,-0.13076298625561172
725,2019-12-06,0.2553712487416452
726,2019-12-05,0.07310676724254406
727,2019-12-04,-0.048621196676800586
728,2019-11-29,0.23333956569352834
729,2019-11-28,0.2945017456890804
730,2019-11-25,0.5458898856765769
731,2019-11-22,0.42777782699992073
732,2019-11-21,0.6001914825715401
733,2019-11-18,0.705090408805031
734,2019-11-15,0.6063224559896973
735,2019-11-14,0.699778414311193
736,2019-11-11,0.8244351129774062
737,2019-11-08,0.8859067815330257
738,2019-11-07,1.0809002376403707
739,2019-11-04,1.152620537148691
740,2020-01-02,0.20676383044236737
741,2019-11-01,1.8580162195882728
742,2019-10-30,1.803437090206364
743,2019-10-25,1.7580858119072333
744,2019-10-24,1.9581543520707037
745,2019-10-23,1.9562056102341485
746,2019-10-18,2.3324448361475087
747,2019-10-17,2.688678202833215
748,2019-10-16,2.9016449701434506
749,2019-10-11,2.635230077105647
750,2019-10-10,2.5976379009528943
751,2019-10-09,2.693285898115208
752,2019-10-04,2.6302180158864297
753,2019-10-03,2.7679421334265526
754,2019-10-02,2.5843504430697215
755,2019-09-30,1.890057074196456
756,2019-09-27,2.171418545486448
757,2019-09-26,2.036492407418522
758,2019-09-23,0.7829751759911081
759,2019-09-20,0.03751172241325165
760,2019-09-19,-0.2948048485988904
761,2019-09-16,-1.5007071468979813
762,2019-09-13,0.3978854680184801
763,2019-09-12,0.22134153001201157
764,2019-09-09,0.5000470676833272
765,2019-09-06,1.0724146746772334
766,2019-09-05,0.6293159609120491
767,2019-09-02,1.0138715840186028
768,2019-08-30,1.1906133026202153
769,2019-08-29,1.7329851925653628
770,2019-08-26,2.023648529047329
771,2019-08-23,1.3540427406917785
772,2019-08-22,1.3056353797350213
773,2019-08-19,2.7489905917354016
774,2019-08-16,4.814502529510957
775,2019-08-15,4.3800498328257715
776,2019-08-12,3.051383043370615
777,2019-08-09,4.898492368199262
778,2019-08-08,4.60755748912367
779,2019-08-05,4.784283030682523
780,2019-08-02,2.85695462406325
781,2019-08-01,0.7759874964478564
782,2019-07-26,0.6519511695307285
783,2019-07-25,0.5154438445880138
784,2019-07-24,0.3042213382414033
785,2019-07-19,2.417073606479272
786,2019-07-18,4.901651904747305
787,2019-07-17,1.790676416819014
788,2019-07-12,2.4249035072998777
789,2019-07-11,3.055864570737595
790,2019-07-10,3.1296980230284537
791,2019-07-05,3.9815565073117956
792,2019-07-04,4.468121280816094
793,2019-07-03,4.3624706133789255
794,2019-06-28,9.873622541498095
795,2019-06-27,8.97639282341831
796,2019-06-24,11.893551688843392
797,2019-06-21,15.676863843192136
798,2019-06-20,16.82982500634033
799,2019-06-17,18.421550094517915
800,2019-06-14,26.676320272572312
801,2019-06-13,43.157181571815485
802,2019-06-10,169.7661623108618
803,2019-06-07,-168.9268965517303
804,2019-06-06,-35.44063745019962
805,2019-05-30,-6.415900131406066
806,2019-05-29,-7.242666666666678
807,2019-05-24,-7.967199719855314
808,2019-05-23,-6.463607257203848
809,2019-05-22,-4.314058747459835
810,2019-05-17,-3.6276429130775294
811,2019-05-16,-2.1197146075854487
812,2019-05-15,-0.5657568238213176
813,2019-05-10,0.38090128755363817
814,2019-05-09,0.6656945413047467
815,2019-05-08,0.5465942331801047
816,2019-06-03,-6.259592577089439
817,2019-05-03,-0.14719000892062023
818,2019-05-02,0.31681508643267015
819,2019-05-01,1.212724647782145
820,2019-04-29,1.015661446184598
821,2019-04-26,-1.571772755746151
822,2019-04-25,-1.1142678738682497
823,2019-04-22,-0.6806811509101626
824,2019-04-19,-1.018484001242623
825,2019-04-18,-0.6157538730089437
826,2019-04-15,-0.9164929650859832
827,2019-04-12,-0.5027223815200265
828,2019-04-11,-0.24770021228809674
829,2019-04-08,-0.6740844028342967
830,2019-04-05,-0.25774214493407327
831,2019-04-04,-0.04113436123348479
832,2019-03-28,-0.37978987192924174
833,2019-03-27,-0.31825311854194177
834,2019-03-26,0.20754029908719948
835,2019-03-25,0.04989169850811456
836,2019-03-22,0.0
837,2019-03-21,0.2980289093298293
838,2019-03-20,0.3394119574886466
839,2019-03-19,0.44728915662650626
840,2019-03-18,0.23495938690284807
841,2019-03-15,0.27799574038784547
842,2019-03-14,0.27370078740157494
843,2019-03-13,0.1788361667184466
844,2019-03-12,0.26500827742441424
845,2019-03-11,0.04432399353061519
846,2019-03-08,0.4725647746315475
847,2019-03-07,0.8122081964378338
848,2019-03-06,0.6355995797688716
849,2019-03-05,0.4593574771280362
850,2019-03-04,0.7446082069769944
851,2019-02-28,0.8144245857873581
852,2019-02-25,1.0302402317814179
853,2019-02-22,0.7459016393442615
854,2019-02-21,0.749517241379308
855,2019-02-18,0.38882011985460296
856,2019-02-15,-0.052924413081826306
857,2019-02-14,0.12381339842690095
858,2019-02-11,0.1488421052631565
859,2019-02-08,-0.3841222054970161
860,2019-02-07,-0.10109845402766197
861,2019-02-04,-0.3989710094689011
862,2019-01-31,0.39902789442647457
863,2019-01-28,0.13788148227982128
864,2019-01-25,0.004062038404728092
865,2019-01-24,-0.263111571317629
866,2019-01-21,0.23266773300311058
867,2019-01-18,0.12130503277827664
868,2019-01-17,0.20632023177532546
869,2019-01-14,0.030628179940558446
870,2019-01-11,0.3490445859872614
871,2019-01-10,0.626253313357149
872,2019-01-07,0.2245497551664015
873,2019-01-04,-0.007669195398481488
874,2018-12-28,-0.10554216071605137
875,2018-12-27,0.12649494020239452
876,2018-12-26,0.39518199170670737
877,2018-12-21,-0.2682837801964418
878,2018-12-20,-0.0038014053680464257
879,2018-12-19,0.5865394108935323
880,2018-12-14,0.47953398951640774
881,2018-12-13,0.8870383779869642
882,2018-12-12,0.9186201385189139
883,2018-12-07,0.42075096502515075
884,2018-12-06,0.8124565871729574
885,2018-12-05,1.2144146553453192
886,2019-04-01,-0.9666349170775503
887,2019-03-01,0.7212049101831168
888,2019-02-01,0.47682178932178826
889,2019-01-03,0.92682511682605
890,2018-11-30,0.25124637681159184
891,2018-11-29,0.6191749987766902
892,2018-11-26,0.9272559852670331
893,2018-11-23,0.9283652111151166
894,2018-11-22,1.202219239959414
895,2018-11-19,0.5483806610361125
896,2018-11-16,0.5670121486383448
897,2018-11-15,1.0133677485142554
898,2018-11-12,1.0037295962025972
899,2018-11-09,1.3159232116019284
900,2018-11-08,1.6426729694886109
901,2018-11-05,1.221654173070289
902,2018-11-02,1.2686373934620785
903,2018-10-26,1.5256811487481587
904,2018-10-25,1.451263873194744
905,2018-10-24,1.9686913455623702
906,2018-10-19,1.772614582671157
907,2018-10-18,1.800560982686911
908,2018-10-17,1.9948186528497416
909,2018-10-12,1.6810458399486512
910,2018-10-11,1.599304027429508
911,2018-10-10,1.795562599049131
912,2018-10-05,1.0765318648942503
913,2018-10-04,1.4163317114448877
914,2018-10-03,1.7088375767587192
915,2018-09-28,1.2060879327828484
916,2018-09-27,1.2244656876999174
917,2018-09-24,1.10047266565594
918,2018-09-21,1.4142902408111562
919,2018-09-20,1.786795508149399
920,2018-09-17,1.5577209365272702
921,2018-09-14,1.0038056206089
922,2018-09-13,1.234009185616666
923,2018-09-10,1.0515952026338462
924,2018-09-07,1.1017586397397343
925,2018-09-06,1.4948802340464422
926,2018-09-03,1.1421308543812725
927,2018-11-01,1.3668065702886172
928,2018-08-31,0.8959429808836771
929,2018-08-30,1.408603397298396
930,2018-08-27,1.4094547384247973
931,2018-08-24,1.2276860163285415
932,2018-08-23,1.4278396797126844
933,2018-08-20,0.747347358631477
934,2018-08-17,0.28835063437139924
935,2018-08-16,0.7947176862684937
936,2018-08-13,0.7994099897623811
937,2018-08-10,0.8161607524583139
938,2018-08-09,1.0245574265975825
939,2018-08-06,0.7269178009918776
940,2018-08-03,0.4421862667718991
941,2018-08-02,0.8371883885472452
942,2018-07-27,0.6928082503149733
943,2018-07-26,0.7206899261354711
944,2018-07-25,1.1716115540452245
945,2018-07-20,0.4953957578892893
946,2018-07-19,0.6608555370524556
947,2018-07-18,0.8347297754417023
948,2018-07-13,0.4906818007515917
949,2018-07-12,0.4898234696632684
950,2018-07-11,0.601035212524541
951,2018-07-06,0.07605487063726137
952,2018-07-05,0.10406812905788639
953,2018-07-04,0.6049696300386539
954,2018-06-29,0.38900553082746575
955,2018-06-28,0.23533338896770437
956,2018-06-25,-0.050098231827112996
957,2018-06-22,-0.129035238678232
958,2018-06-21,0.2748722659165271
959,2018-06-18,0.36628011912282304
960,2018-06-15,0.16559037454965678
961,2018-06-14,0.2704491725768314
962,2018-06-11,-0.025485841199332775
963,2018-06-08,0.4961088846209347
964,2018-06-07,0.8863909006086991
965,2018-06-04,0.7162579892852827
966,2018-06-01,0.6868211722156288
967,2018-05-30,1.0510105871029833
968,2018-05-25,0.4185696660100871
969,2018-05-24,0.3955929217014874
970,2018-05-23,0.7902206166946218
971,2018-05-18,0.6557874048674404
972,2018-05-17,1.0628542531448186
973,2018-05-16,1.3767605633802835
974,2018-05-11,1.5631238808734835
975,2018-05-10,1.4398188432385965
976,2018-05-09,1.5153888964727869
977,2018-05-04,1.147861134772401
978,2018-05-03,0.7447718130699411
979,2018-05-02,0.9494710132010773
980,2018-04-30,0.8735094008340053
981,2018-04-27,0.44441745522135784
982,2018-04-26,0.6085725454564676
983,2018-04-23,0.8997387773942769
984,2018-04-20,0.10826086956521655
985,2018-04-19,0.47214731164672197
986,2018-04-16,-0.24745628147002915
987,2018-04-13,0.39421714857095086
988,2018-04-12,0.5998936192403156
989,2018-04-09,0.4227469819384224
990,2018-04-06,0.3955396239823593
991,2018-04-05,0.42585986191845143
992,2018-03-28,0.5843585237258351
993,2018-03-27,0.8116964960927656
994,2018-03-26,0.8767605633802812
995,2018-03-23,0.6821065038037066
996,2018-03-22,0.6794723593660528
997,2018-03-21,0.9115665478570812
998,2018-03-20,1.7219964162405506
999,2018-03-19,1.5015401441932095
1000,2018-03-16,1.6465845210379864
1001,2018-03-15,1.6108502869066246
1002,2018-03-14,1.6670803635804876
1003,2018-03-13,1.1566009798846781
1004,2018-03-12,1.010296812019055
1005,2018-03-09,1.023067979418168
1006,2018-03-08,1.1240460645856591
1007,2018-03-07,1.31930815929136
1008,2018-03-06,1.472404091740026
1009,2018-03-05,1.7918334985133815
1010,2018-04-02,0.7582437978181522
1011,2018-03-02,1.7447892479580405
1012,2018-03-01,1.4115575431486274
1013,2018-02-26,2.6003815113719755
1014,2018-02-23,2.565188311171271
1015,2018-02-22,2.788465336756863
1016,2018-02-19,2.2444757709251104
1017,2018-02-16,2.4938929889298893
1018,2018-02-15,2.2424126959934467
1019,2018-02-12,2.034915953995872
1020,2018-02-09,2.0737420240691375
1021,2018-02-08,2.1512110152621062
1022,2018-02-05,1.4363543788187363
1023,2018-01-29,0.4766278967309896
1024,2018-01-26,1.3618121594187387
1025,2018-01-25,1.5498424700693136
1026,2018-01-22,1.5576890108006176
1027,2018-01-19,0.9754997437211705
1028,2018-01-18,1.4193063066726324
1029,2018-01-15,1.9931250129423714
1030,2018-01-12,1.8314081465797392
1031,2018-01-11,2.3296698624604084
1032,2018-01-08,2.2794942589183984
1033,2018-01-05,1.7958147543154843
1034,2017-12-29,1.6274487182445372
1035,2017-12-28,1.7638735250737463
1036,2017-12-27,3.387895655455446
1037,2017-12-22,0.7117176128093162
1038,2017-12-21,1.2811918063314698
1039,2017-12-20,2.149479845552248
1040,2017-12-15,1.3694331983805677
1041,2017-12-14,1.1193138561096332
1042,2017-12-13,1.642162188261992
1043,2017-12-08,0.8686238789237672
1044,2017-12-07,1.3800429036052837
1045,2017-12-06,1.8707252912438936
1046,2018-02-02,1.2794654421288123
1047,2018-01-04,2.075611296580351
1048,2018-02-01,1.5411133212426147
1049,2018-01-01,1.9036618599866442
1050,2017-12-01,1.7510420006412297
1051,2017-11-30,2.8349416061685546
1052,2017-11-27,2.673813815219684
1053,2017-11-24,2.6614046391752564
1054,2017-11-23,3.4960373391252144
1055,2017-11-20,2.858691968824127
1056,2017-11-17,3.137193593813397
1057,2017-11-16,3.5878068978955575
1058,2017-11-13,2.7201798533582027
1059,2017-11-10,2.9152928527544533
1060,2017-11-09,3.2180957582377587
1061,2017-11-06,2.363912713060473
1062,2017-11-03,2.5551238723755305
1063,2017-10-27,0.9993372728778912
1064,2017-10-26,0.9796383232867543
1065,2017-10-25,1.9373681100700613
1066,2017-10-20,1.6502668302845225
1067,2017-10-19,1.2906506976877437
1068,2017-10-18,1.6676768854178838
1069,2017-10-13,0.7316019808821815
1070,2017-10-12,0.9786365064404632
1071,2017-10-11,1.1806294839157607
1072,2017-10-06,0.1633478531425016
1073,2017-10-05,1.2799911342605423
1074,2017-10-04,1.310418662309121
1075,2017-09-29,0.7044967880085633
1076,2017-09-28,0.5993515911611639
1077,2017-09-25,0.07356837171387814
1078,2017-09-22,0.39582440872094343
1079,2017-09-21,0.8638694038655429
1080,2017-09-18,0.17548152826018004
1081,2017-09-15,0.10826268089460606
1082,2017-09-14,0.322791191297425
1083,2017-09-11,0.032989146570776895
1084,2017-09-08,-0.09785335935321995
1085,2017-09-07,-0.1376908612260224
1086,2017-09-04,-0.8100594137653654
1087,2017-11-02,1.804822405863581
1088,2017-09-01,-0.7464247229576002
1089,2017-08-31,-0.8772690679616695
1090,2017-08-28,-0.6174127563344802
1091,2017-08-25,-1.5748503758151151
1092,2017-08-24,-1.6003656032453544
1093,2017-08-21,-1.841861604409064
1094,2017-08-18,-0.5010043521928349
1095,2017-08-17,-0.39081607187421935
1096,2017-08-14,-0.11172985781990526
1097,2017-08-11,-0.05136083765673372
1098,2017-08-10,0.03730955474193932
1099,2017-08-07,0.23265956947896652
1100,2017-08-04,0.4663634974912166
1101,2017-08-03,0.489157025184064
1102,2017-07-28,0.7515992356899543
1103,2017-07-27,0.9005700871898039
1104,2017-07-26,1.6215390953483027
1105,2017-07-21,1.8352669652938913
1106,2017-07-20,1.3245441510487375
1107,2017-07-19,1.0812046387891625
1108,2017-07-14,0.3282382172730929
1109,2017-07-13,0.38126085650476066
1110,2017-07-12,0.4956049875835974
1111,2017-07-07,0.4469527156973263
1112,2017-07-06,0.6681246582832149
1113,2017-07-05,0.7844997387144753
1114,2017-06-30,0.9056724880318805
1115,2017-06-29,1.0843748735994836
1116,2017-06-26,0.29201259662181395
1117,2017-06-23,0.5189061260225987
1118,2017-06-22,0.5815039701074265
1119,2017-06-19,1.1096872908099829
1120,2017-06-16,1.1697585557647594
1121,2017-06-15,1.4774832678953183
1122,2017-06-12,1.5123352818785283
1123,2017-06-09,1.2178613125009008
1124,2017-06-08,1.2193927522037207
1125,2017-06-05,1.0358556659926523
1126,2017-06-02,1.5221453287197222
1127,2017-06-01,2.0193215040379777
1128,2017-05-26,1.3948493586556627
1129,2017-05-25,1.2816264625162501
1130,2017-05-24,1.5758891468202783
1131,2017-05-19,1.25904510623965
1132,2017-05-18,1.2641694924913802
1133,2017-05-17,1.0256417573950145
1134,2017-05-12,0.763541852885766
1135,2017-05-11,0.761372783035888
1136,2017-05-10,0.9878915323190262
1137,2017-05-05,0.9771387026415708
1138,2017-05-04,1.1498569677155706
1139,2017-05-03,1.219063568104761
1140,2017-04-28,0.2314115747194645
1141,2017-04-27,0.2927385892116173
1142,2017-04-24,0.28921934093342805
1143,2017-04-21,0.17160656718854034
1144,2017-04-20,0.6799538768888356
1145,2017-04-17,0.8523892487132774
1146,2017-04-14,0.4527597140860957
1147,2017-04-13,0.6879323910035545
1148,2017-04-10,0.7105241299111226
1149,2017-04-07,0.8250980830180242
1150,2017-04-06,0.9566945281231
1151,2017-03-28,2.0884918195920052
1152,2017-03-27,3.396294351511517
1153,2017-03-24,3.4771475551156623
1154,2017-03-23,3.5136224353850283
1155,2017-03-22,3.6812073967287833
1156,2017-03-21,3.862377803609205
1157,2017-03-20,3.5005895872889026
1158,2017-03-17,3.695891624992092
1159,2017-03-16,3.6405701027510804
1160,2017-03-15,3.5228785357737133
1161,2017-03-14,4.380600260983041
1162,2017-03-13,4.259145718373188
1163,2017-03-10,4.396044825313118
1164,2017-03-09,4.14606177283
1165,2017-03-08,4.190295480880649
1166,2017-03-07,5.273581808958255
1167,2017-03-06,5.072967960606255
1168,2017-04-03,0.8678255457253373
1169,2017-03-03,5.181882140105197
1170,2017-03-02,4.495765448934186
1171,2017-03-01,3.3654752112465425
1172,2017-02-27,-0.14817298022125672
1173,2017-02-24,0.0
1174,2017-02-23,0.5860557622187031
1175,2017-02-20,0.4441447516295769
1176,2017-02-17,-0.3048577481840195
1177,2017-02-16,-0.14992085625989005
1178,2017-02-13,0.3009874021109948
1179,2017-02-10,0.7662873291071538
1180,2017-02-09,1.2242017584451643
1181,2017-02-06,0.15678083001616203
1182,2017-02-03,0.31632252492737384
1183,2017-02-02,0.0
1184,2017-01-30,0.15678700930158923
1185,2017-01-27,-0.1572577434509054
1186,2017-01-26,-0.315715237237002
1187,2017-01-23,-0.620956097560976
1188,2017-01-20,-0.3013237603769353
1189,2017-01-19,0.43876143458690015
1190,2017-01-16,0.8684066435480929
1191,2017-01-13,-0.28772405913018373
1192,2017-01-12,0.282014489203094
1193,2017-01-09,-0.9753082083523589
1194,2017-01-06,0.6789985052316866
1195,2017-01-05,1.3730920266347966
1196,2017-01-02,0.9649708090075069
1197,2016-12-30,0.5642103762827797
1198,2016-12-29,-0.8699945145364788
1199,2016-12-28,1.2754430379746842
1200,2016-12-23,0.4671024306235081
1201,2016-12-22,0.6325503355704671
1202,2016-12-21,2.2080631519594003
1203,2016-12-16,1.1909165197195826
1204,2016-12-15,0.5201368781258193
1205,2016-12-14,0.6937549686423462
1206,2016-12-09,3.7282623303319458
1207,2016-12-08,3.1191335740072175
1208,2016-12-07,3.5415099797512277
1209,2016-12-02,3.6927855428490712
1210,2016-11-28,7.05826898004212
1211,2016-11-25,6.572465646875812
1212,2016-11-24,7.311441597915763
1213,2016-11-21,4.915972929268732
1214,2016-11-18,4.3310869189562835
1215,2016-11-17,5.7217120083174535
1216,2016-11-14,10.722308795113136
1217,2016-11-11,7.264993503385081
1218,2016-11-10,8.645741878841086
1219,2016-11-07,5.486875668559205
1220,2016-11-04,3.345883675189661
1221,2016-10-28,0.42568218298555394
1222,2016-10-27,2.723837874971377
1223,2016-10-26,12.981017914343333
1224,2016-10-21,15.729139072847671
1225,2016-10-20,7.705109489051074
1226,2016-10-19,16.900917926565842
1227,2016-10-14,-24.803347280334478
1228,2016-10-13,-175.69965870306916
1229,2016-10-12,-17.20986358866728
1230,2016-10-07,25.873170731707383
1231,2016-10-06,-9.873417721519036
1232,2016-10-05,-0.7078651685393289
1233,2016-12-01,6.563823284245617
1234,2016-11-03,31.37356919875124
1235,2016-09-30,14.578366445916142
1236,2016-09-29,19.47647058823532
1237,2016-09-26,39.56486170627198
1238,2016-09-23,47.542513863216364
1239,2016-09-22,90.56625357483348
1240,2016-09-19,-332.97478991595676
1241,2016-09-16,10.8016085790883
1242,2016-09-15,-1.3333333333331556
1243,2016-09-12,68.95560040363249
1244,2016-09-09,84.05253283301998
1245,2016-09-08,-843.0769230769878
1246,2016-09-05,-89.55882352941248
1247,2016-09-02,-20.867378048780555
1248,2016-09-01,-19.976066597294523
1249,2016-08-29,-13.560646900269564
1250,2016-08-26,-2.126592149727042
1251,2016-08-25,-3.1185410334346337
1252,2016-08-22,5.473557692307679
1253,2016-08-19,2.4017441860464914
1254,2016-08-18,0.22905620360548595
1255,2016-08-15,5.571040723981867
1256,2016-08-12,8.000645577792074
1257,2016-08-11,-0.9487554904830428
1258,2016-08-08,-54.71999999999959
1259,2016-08-05,11.305785123966878
1260,2016-08-04,0.0
1261,2016-08-01,0.0
1262,2016-07-29,-0.9179999999999825
1263,2016-07-28,-2.152071316203448
1264,2016-07-27,3.9959699833240716
1265,2016-07-22,5.328532502919428
1266,2016-07-21,3.977503628447028
1267,2016-07-20,6.277410832232493
1268,2016-07-15,4.149664429530196
1269,2016-07-14,4.4535414165666305
1270,2016-07-13,4.549462495470462
1271,2016-07-08,4.37954454654414
1272,2016-07-07,2.5935331230283927
1273,2016-07-06,1.4169096209912404
1274,2016-07-01,-5.524137931034485
1275,2016-06-30,-8.006896551724141
1276,2016-06-27,-9.870120394016784
1277,2016-06-24,-12.332136164896934
1278,2016-06-23,-3.786796814795778
1279,2016-06-20,-5.031613976705493
1280,2016-06-17,-2.4335787923416725
1281,2016-06-16,-0.717935349322204
1282,2016-06-13,-0.6747420710737491
1283,2016-06-10,-0.034443656980864656
1284,2016-06-09,1.8732654949121144
1285,2016-06-06,3.207629427792912
1286,2016-06-03,3.7051921550844584
1287,2016-06-02,3.780470536978539
1288,2016-05-27,3.12876931539731
1289,2016-05-26,1.6116383255455426
1290,2016-05-25,2.8571167966434077
1291,2016-05-20,3.00247402276101
1292,2016-05-19,3.3711233786634316
1293,2016-05-18,3.3635752989118237
1294,2016-05-13,1.487785306704707
1295,2016-05-12,1.4389066137794253
1296,2016-05-11,1.3872308587580011
1297,2016-05-06,-1.195805341635258
1298,2016-05-05,-0.8142298670836589
1299,2016-05-04,-0.15906584002129692
1300,2016-04-29,-0.45653580672993965
1301,2016-04-28,-1.6205850563090551
1302,2016-04-25,-0.8566513761467861
1303,2016-04-22,-1.8374745008861955
1304,2016-04-21,-1.930232558139532
1305,2016-04-18,-2.148824650571789
1306,2016-04-15,-2.924465976657122
1307,2016-04-14,-2.4850914945660594
1308,2016-04-11,-2.55964859133596
1309,2016-04-08,-1.8750259067357495
1310,2016-04-07,-1.108797106521993
1311,2016-04-04,-1.7160612132299569
1312,2016-04-01,-2.4143902160246893
1313,2016-03-29,-2.147440967122359
1314,2016-03-25,-0.9446324207936022
1315,2016-03-24,-1.1914995628507772
1316,2016-03-23,-0.4727892106218414
1317,2016-03-22,-0.11383513340922344
1318,2016-03-18,-0.11710349462365363
1319,2016-03-17,-0.47628040057224397
1320,2016-03-16,0.3613382037455767
1321,2016-03-15,1.2005416108555123
1322,2016-03-11,0.8679006772009032
1323,2016-03-10,0.12865952410613926
1324,2016-03-09,-0.13094332445796883
1325,2016-03-08,0.9012943447577431
1326,2016-03-04,-0.6604720432544412
1327,2016-03-03,-1.462475108543072
1328,2016-02-29,0.13328701865819512
1329,2016-02-26,0.0
1330,2016-02-25,0.924219520210319
1331,2016-02-22,0.13465009023460733
1332,2016-02-19,1.3678199529727917
1333,2016-02-18,1.649601859129897
1334,2016-02-15,1.3815364529650245
1335,2016-02-12,1.8812044457636623
1336,2016-02-11,2.4440691704944584
1337,2016-02-08,1.9195959320182927
1338,2016-02-05,2.496593077132731
1339,2016-02-04,3.53660852440568
1340,2016-01-29,3.4157427937915736
1341,2016-01-28,3.9667906482465454
1342,2016-01-25,2.699220779220775
1343,2016-01-22,3.413382959786386
1344,2016-01-21,4.029972865790022
1345,2016-01-18,1.921435798178855
1346,2016-01-15,-0.5354499241951305
1347,2016-01-14,1.4209386600671732
1348,2016-01-11,-1.0706088834885916
1349,2016-01-08,-2.6880574384587934
1350,2016-01-07,-1.0425669556216808
1351,2016-01-04,-1.6899501979312985
1352,2016-03-02,-1.1795478950411635
1353,2016-03-01,0.7300414439960738
1354,2016-02-01,4.241309891289758
1355,2016-01-01,-1.1792527988594872
1356,2015-12-30,-0.8237950570654404
1357,2015-12-25,0.8290155440414506
1358,2015-12-24,1.3479052823315119
1359,2015-12-23,2.877384310918354
1360,2015-12-18,2.1514857596331898
1361,2015-12-17,3.694655101948141
1362,2015-12-16,5.547752808988762
1363,2015-12-11,3.7716815070255785
1364,2015-12-10,4.38698556345615
1365,2015-12-09,7.793742163456056
1366,2015-12-04,8.922845691382769
1367,2015-12-03,8.549233676254461
1368,2015-12-02,9.44632502742517
1369,2015-11-30,6.791918832324671
1370,2015-11-27,11.937377690802348
1371,2015-11-26,14.584152689415852
1372,2015-11-23,11.935492997595132
1373,2015-11-20,11.923408659651534
1374,2015-11-19,15.505617977528058
1375,2015-11-16,19.995769039323015
1376,2015-11-13,31.701694915254173
1377,2015-11-12,55.50218340611339
1378,2015-11-09,107.16399286987445
1379,2015-11-06,-143.39955849889768
1380,2015-11-05,-28.90118577075108
1381,2015-11-02,-25.645180023228896
1382,2015-10-30,-29.710234278668374
1383,2015-10-29,-16.070857142857168
1384,2015-10-28,-7.537037037037049
1385,2015-10-23,0.8268007387646229
1386,2015-10-22,-0.872266724399222
1387,2015-10-21,-2.5387580299785912
1388,2015-10-16,7.986467661691553
1389,2015-10-15,10.321267937459854
1390,2015-10-14,4.881005173688109
1391,2015-10-09,5.183350622406648
1392,2015-10-08,5.814546508258488
1393,2015-10-07,7.441351266812649
1394,2015-10-02,4.17946058091287
1395,2015-09-28,20.480037576326964
1396,2015-09-25,46.22962962962978
1397,2015-09-24,29.99255583126582
1398,2015-09-21,70.64676616915511
1399,2015-09-18,219.5100000000029
1400,2015-09-17,-86.93648208469001
1401,2015-09-14,-25.818746763335003
1402,2015-09-11,-22.614751163623318
1403,2015-09-10,-11.558686730506148
1404,2015-09-07,-7.096345514950162
1405,2015-09-04,-9.681136719624073
1406,2015-09-03,-8.67416633186018
1407,2015-08-31,-9.564266180492252
1408,2015-08-28,0.6972928630024471
1409,2015-08-27,2.8208436724565753
1410,2015-08-24,-2.192803801765105
1411,2015-08-21,-0.7172402382528127
1412,2015-08-20,-0.6890894175553595
1413,2015-08-17,6.2055715658021136
1414,2015-08-14,11.355246967832658
1415,2015-08-13,16.428484479610464
1416,2015-08-10,13.968211206896546
1417,2015-08-07,14.388537154281904
1418,2015-08-06,8.558363417569192
1419,2015-08-03,26.908524904214527
1420,2015-07-30,39.102564102564045
1421,2015-07-29,58.54135338345842
1422,2015-07-24,84.88673139158514
1423,2015-07-23,5397.499999997551
1424,2015-07-22,-130.276381909549
1425,2015-07-17,-19.92682926829277
1426,2015-07-16,-10.625000000000037
1427,2015-07-15,-4.005655042412749
1428,2015-07-10,9.650165016501596
1429,2015-07-09,-0.0
1430,2015-07-08,-0.0
1431,2015-07-03,10.86988847583647
1432,2015-07-02,6.14893617021279
1433,2015-10-01,35.49507273580483
1434,2015-07-01,-21.567164179104577
1435,2015-06-29,-0.0
1436,2015-06-26,16.900398406374595
1437,2015-06-25,18.76991150442489
1438,2015-06-22,14.428571428571516
1439,2015-06-19,17.174089068826035
1440,2015-06-18,30.600000000000815
1441,2015-06-15,-13.406940063091092
1442,2015-06-12,-11.44414168937301
1443,2015-06-11,9.153846153846139
1444,2015-06-08,8.368725868725873
1445,2015-06-05,18.346895074946296
1446,2015-06-04,32.577946768060634
1447,2015-05-29,38.94545454545363
1448,2015-05-28,-142.08474576270535
1449,2015-05-27,-25.937499999999055
1450,2015-05-22,-40.79999999999931
1451,2015-05-21,-27.134615384615056
1452,2015-05-20,11.629120879120855
1453,2015-05-15,-0.0
1454,2015-05-14,100.78571428571877
1455,2015-05-13,470.3333333332392
1456,2015-05-08,-116.07272727272559
1457,2015-05-07,-31.996183206106913
1458,2015-05-06,0.0
1459,2015-04-30,-15.404151404151436
1460,2015-04-27,-23.191304347826158
1461,2015-04-24,0.0
1462,2015-04-23,14.990213523131693
1463,2015-04-20,8.293255131964811
1464,2015-04-17,-27.366594360086786
1465,2015-04-16,-9.879404855129222
1466,2015-04-13,-5.249999999999954
1467,2015-04-10,2.441176470588239
1468,2015-04-09,7.974715549936748
1469,2015-04-06,0.0
1470,2015-04-03,0.0
1471,2015-04-02,0.0
1472,2015-06-01,-0.0
1473,2015-05-01,-40.39452054794522
1474,2015-03-27,29.986111111110997
1475,2015-03-26,18.206008583690885
1476,2015-03-25,32.258555133079405
1477,2015-03-24,0.0
1478,2015-03-23,-206.8196721311357
1479,2015-03-20,-206.81967213113438
1480,2015-03-19,-38.88262910798058
1481,2015-03-18,51.12345679012234
1482,2015-03-17,-235.53191489362294
1483,2015-03-16,-37.532967032967235
1484,2015-03-13,-12.946372239747589
1485,2015-03-12,-7.398005439709837
1486,2015-03-11,-5.954310980103189
1487,2015-03-10,-2.4844720496893995
1488,2015-03-09,-0.0
1489,2015-03-06,4.806626506024114
1490,2015-03-05,-0.0
1491,2015-03-04,-0.0
1492,2015-03-03,2.728395061728405
1493,2015-03-02,-2.7363184079601544
1494,2015-02-27,2.8655761024182187
1495,2015-02-26,-5.814022140221424
1496,2015-02-23,-0.0
1497,2015-02-20,-4.809523809523829
1498,2015-02-19,-0.0
1499,2015-02-16,4.899253731343302
1500,2015-02-13,12.228352490421514
1501,2015-02-12,3.6065276518585883
1502,2015-02-09,8.28391167192434
1503,2015-02-06,10.667112299465312
1504,2015-02-05,6.027820710973652
1505,2015-02-02,15.883064516129158
1506,2015-01-30,10.070886075949469
1507,2015-01-29,-16.37037037037065
1508,2015-01-26,-13.357142857143037
1509,2015-01-23,-13.484745762712048
1510,2015-01-22,20.505154639175174
1511,2015-01-19,54.384615384616104
1512,2015-01-16,40.054054054054305
1513,2015-01-15,-64.31020408163334
1514,2015-01-12,-0.0
1515,2015-01-09,9.822942643391542
1516,2015-01-08,-9.822942643391551
1517,2015-01-05,-0.0
1518,2015-01-02,-2.823278921220728
1519,2014-12-26,2.0493387589013246
1520,2014-12-25,7.755340793489287
1521,2014-12-24,2.243654822335027
1522,2014-12-19,-9.396803008932775
1523,2014-12-18,-8.084609186140217
1524,2014-12-17,-4.333333333333309
1525,2014-12-12,-1.5000000000000022
1526,2014-12-11,-1.5586073500966828
1527,2014-12-10,-1.4795144157814892
1528,2014-12-05,3.243961352656978
1529,2014-12-04,1.8067264573990696
1530,2014-12-03,-0.0
1531,2014-11-28,-0.0
1532,2014-11-27,-0.0
1533,2014-11-24,-0.0
1534,2014-11-21,2.9239766081870777
1535,2014-11-20,12.817679558011056
1536,2014-11-17,11.28571428571422
1537,2014-11-14,-0.0
1538,2014-11-13,-0.0
1539,2014-11-10,-9.883127572016388
1540,2014-11-07,-8.283378746593955
1541,2014-11-06,-7.745222929936262
1542,2014-11-03,-0.0
1543,2015-01-01,-25.06261859582548
1544,2014-10-30,4.311632870864467
1545,2014-10-29,-2.227862380146604
1546,2014-10-24,1.6116035455277713
1547,2014-10-23,1.4099400775466782
1548,2014-10-22,-4.308575529242918
1549,2014-10-17,-1.2017673048600659
1550,2014-10-16,-3.287374966207087
1551,2014-10-15,-1.0462217605816686
1552,2014-10-10,1.968331303288675
1553,2014-10-09,0.9864364981504136
1554,2014-10-08,4.004244694132339
1555,2014-10-03,2.8226555246053704
1556,2014-09-29,2.7527281170187905
1557,2014-09-26,1.8709078244717732
1558,2014-09-25,1.8975029726516062
1559,2014-09-22,3.076144700227677
1560,2014-09-19,3.3740750890654994
1561,2014-09-18,4.7481137550783545
1562,2014-09-15,4.821663442940042
1563,2014-09-12,6.7285333333333375
1564,2014-09-11,7.115623237450652
1565,2014-09-08,-0.0
1566,2014-09-05,-1.7475328947368431
1567,2014-09-04,-1.7114093959731211
1568,2014-08-29,-1.7824835526315455
1569,2014-08-28,-0.0
1570,2014-08-25,3.258064516129036
1571,2014-08-22,1.64516129032255
1572,2014-08-21,1.6578947368421069
1573,2014-08-18,-5.426291474170522
1574,2014-08-15,-3.137792397660821
1575,2014-08-14,-2.9904829044765617
1576,2014-08-11,-2.690379191476029
1577,2014-08-08,-0.0
1578,2014-08-07,-2.7737131757850197
1579,2014-08-04,-3.390600315955772
1580,2014-07-30,-2.4563662374821207
1581,2014-07-25,-1.0353960992053954
1582,2014-07-24,-0.0
1583,2014-07-23,-2.93236495687697
1584,2014-07-18,0.865942744323792
1585,2014-07-17,3.441364180295178
1586,2014-07-16,1.6783968719452615
1587,2014-07-11,3.0773841001233957
1588,2014-07-10,2.3619744058500953
1589,2014-07-09,1.5270366417644987
1590,2014-07-04,3.7676190476190525
1591,2014-07-03,3.8944223107569775
1592,2014-10-02,0.9317451037708284
1593,2014-07-02,1.7291037260825806
1594,2014-06-30,1.802435439848837
1595,2014-06-27,0.9009009009009021
1596,2014-06-26,0.9288811795316576
1597,2014-06-23,4.714974786231096
1598,2014-06-20,2.9637883008356583
1599,2014-06-19,1.9655884377150554
1600,2014-06-16,-1.946712018140591
1601,2014-06-13,-1.8807359787186892
1602,2014-06-12,-2.708527789562989
1603,2014-06-09,-1.8610448731844804
1604,2014-06-06,-1.7997454391175243
1605,2014-06-05,-2.709102482495229
1606,2014-05-30,-0.8994331303800136
1607,2014-05-29,-3.5000000000000036
1608,2014-05-28,-4.362068965517246
1609,2014-05-23,-2.9644764337125644
1610,2014-05-22,-0.9493159901323177
1611,2014-05-21,-1.0444115470022217
1612,2014-05-16,2.6587276715763117
1613,2014-05-15,2.7129449838187725
1614,2014-05-14,2.5068779904306244
1615,2014-05-09,2.700190961171229
1616,2014-05-08,-0.0
1617,2014-05-07,-1.3879598662207366
1618,2014-10-01,3.8446749304325465
1619,2014-09-01,-0.0
1620,2014-08-01,-0.0
1621,2014-06-02,-4.838024691358026
1622,2014-05-02,-0.0
1623,2014-05-01,4.980655349388045
1624,2014-04-28,13.265454545454496
1625,2014-04-25,18.177051202961113
1626,2014-04-24,30.17504488330337
1627,2014-04-21,48.03380281690117
1628,2014-04-18,138.15131578947177
1629,2014-04-17,-83.00000000000104
1630,2014-04-14,-7.636363636363651
1631,2014-04-11,-2.3207236842105314
1632,2014-04-10,-1.855765015344114
1633,2014-04-07,-7.2261135668140195
1634,2014-04-04,-6.574514715090807
1635,2014-04-03,-7.213264722698699
1636,2014-03-28,-2.418991265145115
1637,2014-03-27,-1.173698630136965
1638,2014-03-26,0.0
1639,2014-03-25,1.3363028953229423
1640,2014-03-24,2.7103136113805415
1641,2014-03-21,3.0046594982078916
1642,2014-03-20,1.555224990702867
1643,2014-03-19,1.7541946308724883
1644,2014-03-18,12.602628918099134
1645,2014-03-17,17.177419354838776
1646,2014-03-14,28.330049261083857
1647,2014-03-13,24.60606060606077
1648,2014-03-12,-39.21568627451132
1649,2014-03-11,19.70443349753657
1650,2014-03-10,104.81699346404947
1651,2014-03-07,78.77808988763957
1652,2014-03-06,15833.99999991934
1653,2014-03-05,3977.9999999791844
1654,2014-03-04,38.99999999999823
1655,2014-03-03,-306.4901960784031
1656,2014-02-28,-0.0
1657,2014-02-27,25.99999999999976
1658,2014-02-24,19.45185185185163
1659,2014-02-21,-0.0
1660,2014-02-20,-117.38613861385477
1661,2014-02-17,156.77227722771312
1662,2014-02-14,-35.09190371991306
1663,2014-02-13,-5.90909090909098
1664,2014-02-10,17.342825848850072
1665,2014-02-07,35.52662721893518
1666,2014-02-06,28.376344086021863
1667,2014-02-03,-89.2056338028185
1668,2014-01-31,-32.279569892473326
1669,2014-01-30,-22.62595419847338
1670,2014-01-27,-3.8348126232741366
1671,2014-01-24,-12.02277904328025
1672,2014-01-23,-14.984054669703964
1673,2014-01-20,-12.4573248407644
1674,2014-01-17,-16.72214386459813
1675,2014-01-16,-15.112810707457045
1676,2014-01-13,-14.594233849439453
1677,2014-01-10,-12.012158054711277
1678,2014-01-09,-5.448529411764717
1679,2014-01-06,-3.3737113402061936
1680,2014-01-03,9.758024691358047
1681,2014-01-02,14.509859154929604
