,Date,3m
0,2024-06-10,-0.019099999999999895
1,2024-06-07,-0.006599999999999717
2,2024-06-06,-0.0020999999999995467
3,2024-06-03,0.014899999999999913
4,2024-05-30,0.01670000000000016
5,2024-05-29,0.011800000000000033
6,2024-05-24,-0.011800000000000033
7,2024-05-23,0.05069999999999997
8,2024-05-22,0.011800000000000033
9,2024-05-17,-0.011100000000000776
10,2024-05-16,0.034900000000000375
11,2024-05-15,0.019600000000000506
12,2024-05-10,-0.0005000000000006111
13,2024-05-09,0.04279999999999973
14,2024-05-08,0.016199999999999548
15,2024-05-03,0.024700000000000166
16,2024-05-02,0.039400000000000546
17,2024-05-01,0.04049999999999976
18,2024-04-29,0.03310000000000013
19,2024-04-26,0.037799999999999834
20,2024-04-25,0.05269999999999975
21,2024-04-22,0.03310000000000013
22,2024-04-19,0.0039000000000006807
23,2024-04-18,0.010999999999999233
24,2024-04-15,0.0018000000000002458
25,2024-04-12,-0.00140000000000029
26,2024-04-11,0.0005000000000006111
27,2024-04-08,-0.010399999999999743
28,2024-04-05,0.004699999999999704
29,2024-04-04,-0.01949999999999985
30,2024-04-01,-0.006000000000000227
31,2024-03-29,-0.018000000000000682
32,2024-03-28,-0.029200000000000337
33,2024-03-27,-0.01130000000000031
34,2024-03-26,-0.05000000000000071
35,2024-03-22,-0.03620000000000001
36,2024-03-21,-0.011199999999999655
37,2024-03-20,0.01780000000000026
38,2024-03-19,-0.0005000000000006111
39,2024-03-15,0.008099999999999774
40,2024-03-14,0.012199999999999989
41,2024-03-13,0.007000000000000561
42,2024-03-12,-0.005600000000000271
43,2024-03-08,-0.0023999999999997357
44,2024-03-07,0.0018000000000002458
45,2024-03-06,0.0226999999999995
46,2024-03-05,-0.0004999999999997229
47,2024-03-01,0.010699999999999932
48,2024-02-29,0.021400000000000752
49,2024-02-26,0.05400000000000027
50,2024-02-23,0.0508999999999995
51,2024-02-22,0.047399999999999665
52,2024-02-19,0.03310000000000013
53,2024-02-16,0.013799999999999812
54,2024-02-15,0.013499999999999623
55,2024-02-12,0.031200000000000117
56,2024-02-09,0.014299999999999535
57,2024-02-08,0.008399999999999963
58,2024-02-05,-0.008600000000000385
59,2024-02-02,-0.001000000000000334
60,2024-02-01,0.029200000000000337
61,2024-01-29,0.026099999999999568
62,2024-01-26,-0.011499999999999844
63,2024-01-25,-0.002100000000000435
64,2024-01-22,-0.0026000000000001577
65,2024-01-19,-0.02740000000000009
66,2024-01-18,-0.028100000000000236
67,2024-01-15,-0.024199999999999555
68,2024-01-12,-0.028200000000000003
69,2024-01-11,-0.012500000000000178
70,2024-01-08,0.0017999999999993577
71,2024-01-05,0.011700000000000266
72,2024-01-04,0.008399999999999963
73,2024-01-01,-0.019000000000000128
74,2023-12-29,-0.06390000000000029
75,2023-12-28,-0.03810000000000002
76,2023-12-27,0.0004999999999997229
77,2023-12-22,-0.05609999999999982
78,2023-12-21,-0.018200000000000216
79,2023-12-20,-0.0038000000000000256
80,2023-12-15,-0.029300000000000104
81,2023-12-14,-0.0041999999999999815
82,2023-12-13,-0.05080000000000062
83,2023-12-08,-0.05009999999999959
84,2023-12-07,-0.02770000000000028
85,2023-12-06,-0.024700000000000166
86,2023-12-01,-0.09980000000000011
87,2023-11-30,-0.06529999999999969
88,2023-11-27,-0.06059999999999999
89,2023-11-24,-0.030100000000000016
90,2023-11-23,-0.04290000000000038
91,2023-11-20,-0.06339999999999968
92,2023-11-17,-0.10060000000000002
93,2023-11-16,-0.08549999999999969
94,2023-11-13,-0.0686
95,2023-11-10,-0.0660999999999996
96,2023-11-09,-0.08289999999999953
97,2023-11-06,-0.08869999999999933
98,2023-11-03,-0.0849000000000002
99,2023-11-02,-0.028699999999999726
100,2023-10-27,-0.02149999999999963
101,2023-10-26,0.0062000000000006494
102,2023-10-25,-0.008300000000000196
103,2023-10-20,-0.011099999999999888
104,2023-10-19,0.03230000000000022
105,2023-10-18,0.0354000000000001
106,2023-10-13,0.03589999999999982
107,2023-10-12,0.06630000000000003
108,2023-10-11,0.04579999999999984
109,2023-10-06,0.05329999999999924
110,2023-10-05,0.07889999999999997
111,2023-10-04,0.08680000000000021
112,2023-09-29,0.011499999999999844
113,2023-09-28,-0.02289999999999992
114,2023-09-25,0.011400000000000077
115,2023-09-22,0.04999999999999982
116,2023-09-21,0.024099999999999788
117,2023-09-18,0.02519999999999989
118,2023-09-15,0.04550000000000054
119,2023-09-14,0.04499999999999993
120,2023-09-11,0.027899999999999814
121,2023-09-08,0.008999999999999453
122,2023-09-07,0.038899999999999935
123,2023-09-04,0.012199999999999989
124,2023-09-01,0.028999999999999915
125,2023-08-31,0.03529999999999944
126,2023-08-28,0.07560000000000056
127,2023-08-25,0.051600000000000534
128,2023-08-24,0.053600000000000314
129,2023-08-21,0.03310000000000013
130,2023-08-18,0.04559999999999942
131,2023-08-17,0.016200000000000436
132,2023-08-14,0.061799999999999855
133,2023-08-11,0.048200000000000465
134,2023-08-10,0.08830000000000027
135,2023-08-07,0.06679999999999975
136,2023-08-04,0.07669999999999977
137,2023-08-03,0.12210000000000054
138,2023-07-28,0.08819999999999961
139,2023-07-27,0.13929999999999954
140,2023-07-26,0.08990000000000009
141,2023-07-21,0.12469999999999981
142,2023-07-20,0.18900000000000006
143,2023-07-19,0.1864000000000008
144,2023-07-14,0.1377000000000006
145,2023-07-13,0.1888999999999994
146,2023-07-12,0.16159999999999997
147,2023-07-07,0.06450000000000067
148,2023-07-06,0.11819999999999986
149,2023-07-05,0.057000000000000384
150,2023-06-30,0.03160000000000007
151,2023-06-29,0.09560000000000013
152,2023-06-26,0.07690000000000019
153,2023-06-23,0.06270000000000042
154,2023-06-22,0.06430000000000025
155,2023-06-19,-0.002100000000000435
156,2023-06-16,0.07479999999999976
157,2023-06-15,0.07690000000000019
158,2023-06-12,0.06420000000000048
159,2023-06-09,0.05350000000000055
160,2023-06-08,0.026399999999999757
161,2023-06-05,0.08119999999999994
162,2023-06-02,0.24480000000000057
163,2023-06-01,0.33199999999999985
164,2023-05-26,0.12110000000000021
165,2023-05-25,0.25849999999999973
166,2023-05-24,0.35960000000000036
167,2023-05-19,0.12710000000000043
168,2023-05-18,0.15449999999999964
169,2023-05-17,0.2270000000000003
170,2023-05-12,0.20759999999999934
171,2023-05-11,0.2351000000000001
172,2023-05-10,0.23470000000000013
173,2023-05-05,0.3841999999999999
174,2023-05-04,0.4507000000000003
175,2023-05-03,0.46279999999999966
176,2023-04-28,0.38349999999999973
177,2023-04-27,0.4931000000000001
178,2023-04-24,0.3544999999999998
179,2023-04-21,0.4016000000000002
180,2023-04-20,0.5289999999999999
181,2023-04-17,0.6549999999999994
182,2023-04-14,0.23040000000000038
183,2023-04-13,0.1919000000000004
184,2023-04-10,0.09269999999999978
185,2023-04-07,-0.1543000000000001
186,2023-04-06,-0.043400000000000105
187,2023-04-03,-0.12249999999999961
188,2023-03-28,-0.12199999999999989
189,2023-03-27,-0.10630000000000006
190,2023-03-24,-0.1684000000000001
191,2023-03-23,-0.21009999999999973
192,2023-03-22,-0.15830000000000055
193,2023-03-21,-0.17459999999999987
194,2023-03-20,-0.25649999999999995
195,2023-03-17,-0.45009999999999994
196,2023-03-16,-0.18930000000000025
197,2023-03-15,-0.14010000000000034
198,2023-03-14,0.04150000000000009
199,2023-03-13,0.018199999999999328
200,2023-03-10,0.13480000000000025
201,2023-03-09,0.2231999999999994
202,2023-03-08,0.28559999999999963
203,2023-03-07,0.2622
204,2023-03-06,0.21250000000000036
205,2023-03-03,0.20479999999999965
206,2023-03-02,0.2309000000000001
207,2023-03-01,0.2101999999999995
208,2023-02-27,0.09269999999999978
209,2023-02-24,0.1266000000000007
210,2023-02-23,0.15810000000000013
211,2023-02-20,0.15750000000000064
212,2023-02-17,0.20790000000000042
213,2023-02-16,0.20980000000000043
214,2023-02-13,0.17360000000000042
215,2023-02-10,0.14999999999999947
216,2023-02-09,0.13200000000000056
217,2023-02-06,0.04600000000000026
218,2023-02-03,0.2807000000000004
219,2023-02-02,0.2688999999999995
220,2023-01-30,0.3106
221,2023-01-27,0.4178000000000006
222,2023-01-26,0.3803000000000001
223,2023-01-23,0.36489999999999956
224,2023-01-20,0.3754999999999997
225,2023-01-19,0.4059999999999997
226,2023-01-16,0.32289999999999974
227,2023-01-13,0.2737999999999996
228,2023-01-12,0.31539999999999946
229,2023-01-09,0.33069999999999933
230,2023-01-06,0.31590000000000007
231,2023-01-05,0.33619999999999983
232,2023-01-02,0.09520000000000017
233,2022-12-30,0.023299999999999876
234,2022-12-29,0.0741000000000005
235,2022-12-28,0.17079999999999984
236,2022-12-23,0.06270000000000042
237,2022-12-22,0.1387999999999998
238,2022-12-21,0.09560000000000013
239,2022-12-16,0.04210000000000047
240,2022-12-15,0.1673
241,2022-12-14,0.14210000000000012
242,2022-12-09,0.07570000000000032
243,2022-12-08,0.08699999999999974
244,2022-12-07,0.1886000000000001
245,2022-12-02,0.12480000000000047
246,2022-12-01,0.17759999999999998
247,2022-11-28,0.2192999999999996
248,2022-11-25,0.29510000000000014
249,2022-11-24,0.22419999999999973
250,2022-11-21,0.25019999999999953
251,2022-11-18,0.3596999999999997
252,2022-11-17,0.46160000000000023
253,2022-11-14,0.4618000000000002
254,2022-11-11,0.7361999999999997
255,2022-11-10,0.8259999999999996
256,2022-11-07,0.7427999999999999
257,2022-11-04,0.7491999999999996
258,2022-11-03,0.9148000000000001
259,2022-10-28,0.7674000000000003
260,2022-10-27,0.7631999999999999
261,2022-10-26,0.7807999999999997
262,2022-10-21,0.7001
263,2022-10-20,0.7810999999999999
264,2022-10-19,0.8423000000000003
265,2022-10-14,0.5322
266,2022-10-13,0.5640000000000001
267,2022-10-12,0.5424000000000002
268,2022-10-07,0.35119999999999996
269,2022-10-06,0.4567999999999999
270,2022-10-05,0.4851000000000001
271,2022-09-30,0.38980000000000015
272,2022-09-29,0.42779999999999996
273,2022-09-26,0.4032
274,2022-09-23,0.5127999999999999
275,2022-09-22,0.4765999999999999
276,2022-09-19,0.47250000000000014
277,2022-09-16,0.5051999999999999
278,2022-09-15,0.5712999999999999
279,2022-09-12,0.5417000000000001
280,2022-09-09,0.44599999999999973
281,2022-09-08,0.5067999999999997
282,2022-09-05,0.3950999999999998
283,2022-09-02,0.4301999999999997
284,2022-09-01,0.5987
285,2022-08-29,0.5362999999999998
286,2022-08-26,0.3432999999999997
287,2022-08-25,0.34240000000000004
288,2022-08-22,0.3179000000000003
289,2022-08-19,0.20189999999999975
290,2022-08-18,0.3264
291,2022-08-15,0.24849999999999994
292,2022-08-12,0.36850000000000005
293,2022-08-11,0.5155999999999998
294,2022-08-08,0.6120000000000001
295,2022-08-05,0.8014000000000001
296,2022-08-04,0.758
297,2022-08-01,0.6703000000000001
298,2022-07-29,0.6420000000000001
299,2022-07-28,0.6245
300,2022-07-27,0.7275
301,2022-07-22,0.8516999999999999
302,2022-07-21,0.8909
303,2022-07-20,0.8759000000000001
304,2022-07-15,0.7007000000000001
305,2022-07-14,0.5912
306,2022-07-13,0.7807999999999999
307,2022-07-08,0.6484000000000001
308,2022-07-07,0.6129
309,2022-07-06,0.6540000000000001
310,2022-07-01,0.5229000000000001
311,2022-06-30,0.5946
312,2022-06-27,0.6095999999999999
313,2022-06-24,0.5916999999999999
314,2022-06-23,0.5842
315,2022-06-20,0.5559000000000001
316,2022-06-17,0.5251999999999999
317,2022-06-16,0.5100999999999999
318,2022-06-13,0.5915
319,2022-06-10,0.4254000000000001
320,2022-06-09,0.4536
321,2022-06-06,0.3692
322,2022-06-03,0.2368
323,2022-06-02,0.34639999999999993
324,2022-05-27,0.21630000000000005
325,2022-05-26,0.2520000000000001
326,2022-05-25,0.2471000000000001
327,2022-05-20,0.20099999999999996
328,2022-05-19,0.1933999999999999
329,2022-05-18,0.23940000000000006
330,2022-05-13,0.20609999999999995
331,2022-05-12,0.2239
332,2022-05-11,0.1935
333,2022-05-06,0.15259999999999996
334,2022-05-05,0.19080000000000008
335,2022-05-04,0.30779999999999996
336,2022-04-29,0.3050999999999999
337,2022-04-28,0.27469999999999994
338,2022-04-25,0.272
339,2022-04-22,0.30000000000000004
340,2022-04-21,0.361
341,2022-04-18,0.3939
342,2022-04-15,0.3152
343,2022-04-14,0.3686
344,2022-04-11,0.33790000000000003
345,2022-04-08,0.3405
346,2022-04-07,0.3583
347,2022-04-04,0.23360000000000003
348,2022-04-01,0.2082
349,2022-03-28,0.23620000000000002
350,2022-03-25,0.22859999999999997
351,2022-03-24,0.17009999999999997
352,2022-03-23,0.09910000000000002
353,2022-03-22,0.1397
354,2022-03-21,0.10670000000000002
355,2022-03-18,0.04570000000000002
356,2022-03-17,0.03810000000000002
357,2022-03-16,0.017799999999999983
358,2022-03-15,0.053300000000000014
359,2022-03-14,0.0126
360,2022-03-11,0.015300000000000036
361,2022-03-10,-0.012699999999999989
362,2022-03-09,0.08880000000000005
363,2022-03-08,0.07869999999999999
364,2022-03-07,0.1015
365,2022-03-04,0.08629999999999999
366,2022-03-03,0.13449999999999998
367,2022-03-02,0.1396
368,2022-03-01,0.1117
369,2022-02-28,0.11670000000000003
370,2022-02-25,0.11420000000000002
371,2022-02-24,0.1472
372,2022-02-21,0.1599
373,2022-02-18,0.1954
374,2022-02-17,0.22579999999999997
375,2022-02-14,0.2563
376,2022-02-11,0.2309
377,2022-02-10,0.2842
378,2022-02-07,0.11919999999999999
379,2022-02-04,0.1497
380,2022-02-03,0.137
381,2022-01-31,0.14959999999999998
382,2022-01-28,0.1319
383,2022-01-27,0.1496
384,2022-01-24,0.0989
385,2022-01-21,0.10900000000000001
386,2022-01-20,0.1268
387,2022-01-17,0.08120000000000001
388,2022-01-14,0.0736
389,2022-01-13,0.06849999999999999
390,2022-01-10,0.038
391,2022-01-07,0.035500000000000004
392,2022-01-06,0.05330000000000001
393,2022-01-03,0.010099999999999998
394,2021-12-30,-0.015200000000000002
395,2021-12-29,0.0
396,2021-12-24,0.002600000000000005
397,2021-12-23,0.015200000000000005
398,2021-12-22,0.0177
399,2021-12-17,-0.010199999999999997
400,2021-12-16,-0.007599999999999999
401,2021-12-15,-0.0051
402,2021-12-10,0.0051
403,2021-12-09,0.0102
404,2021-12-08,0.0228
405,2021-12-03,0.0025000000000000022
406,2021-12-02,-0.0051
407,2021-12-01,0.0
408,2021-11-29,-0.0102
409,2021-11-26,-0.0102
410,2021-11-25,0.0049999999999999975
411,2021-11-22,-0.010100000000000005
412,2021-11-19,0.0
413,2021-11-18,0.007600000000000003
414,2021-11-15,0.0
415,2021-11-12,0.0
416,2021-11-11,-0.0025000000000000022
417,2021-11-08,-0.010100000000000005
418,2021-11-05,0.0025000000000000022
419,2021-11-04,0.007700000000000002
420,2021-11-01,0.010199999999999997
421,2021-10-29,0.0178
422,2021-10-28,0.020300000000000002
423,2021-10-27,0.0254
424,2021-10-22,0.025400000000000002
425,2021-10-21,0.025300000000000003
426,2021-10-20,0.0228
427,2021-10-15,0.010099999999999998
428,2021-10-14,0.005099999999999997
429,2021-10-13,0.007599999999999996
430,2021-10-08,0.007600000000000003
431,2021-10-07,0.010099999999999998
432,2021-10-06,0.007599999999999996
433,2021-10-01,-0.005099999999999997
434,2021-09-30,-0.007599999999999996
435,2021-09-27,-0.0228
436,2021-09-24,-0.0127
437,2021-09-23,-0.017799999999999996
438,2021-09-20,-0.0228
439,2021-09-17,-0.0304
440,2021-09-16,-0.0329
441,2021-09-13,-0.0126
442,2021-09-10,-0.0051
443,2021-09-09,-0.010100000000000005
444,2021-09-06,-0.010099999999999998
445,2021-09-03,-0.007599999999999996
446,2021-09-02,0.0
447,2021-08-30,0.0
448,2021-08-27,0.0050000000000000044
449,2021-08-26,0.0025000000000000022
450,2021-08-23,-0.0025000000000000022
451,2021-08-20,0.0025000000000000022
452,2021-08-19,0.010100000000000005
453,2021-08-16,0.0177
454,2021-08-13,0.0050000000000000044
455,2021-08-12,-0.0025000000000000022
456,2021-08-09,0.0025000000000000022
457,2021-08-06,0.0
458,2021-08-05,0.007600000000000003
459,2021-08-02,0.002599999999999998
460,2021-07-30,0.0
461,2021-07-29,0.0025000000000000022
462,2021-07-28,0.0050000000000000044
463,2021-07-23,0.007600000000000003
464,2021-07-22,0.010199999999999997
465,2021-07-21,0.0127
466,2021-07-16,0.0203
467,2021-07-15,0.0253
468,2021-07-14,0.0304
469,2021-07-09,0.0254
470,2021-07-08,0.0228
471,2021-07-07,0.0279
472,2021-07-02,0.0253
473,2021-07-01,0.032999999999999995
474,2021-06-28,0.038099999999999995
475,2021-06-25,0.0355
476,2021-06-24,0.0406
477,2021-06-21,0.0329
478,2021-06-18,0.025400000000000002
479,2021-06-17,0.0202
480,2021-06-14,0.0152
481,2021-06-11,0.015199999999999998
482,2021-06-10,0.022799999999999997
483,2021-06-07,0.0126
484,2021-06-04,0.0050999999999999995
485,2021-06-03,0.007599999999999999
486,2021-05-28,0.0
487,2021-05-27,0.0
488,2021-05-26,-0.0024999999999999996
489,2021-05-21,-0.0152
490,2021-05-20,-0.010199999999999999
491,2021-05-19,-0.0127
492,2021-05-14,-0.0177
493,2021-05-13,-0.0024999999999999996
494,2021-05-12,-0.0024999999999999996
495,2021-05-07,-0.004999999999999999
496,2021-05-06,-0.0051
497,2021-05-05,-0.0051
498,2021-04-30,-0.007599999999999999
499,2021-04-29,-0.007599999999999999
500,2021-04-26,-0.0076
501,2021-04-23,0.0127
502,2021-04-22,0.0127
503,2021-04-19,0.0177
504,2021-04-16,-0.0026
505,2021-04-15,-0.007599999999999999
506,2021-04-12,-0.0127
507,2021-04-09,-0.020300000000000002
508,2021-04-08,-0.022900000000000004
509,2021-04-05,-0.0101
510,2021-04-02,-0.0177
511,2021-04-01,-0.020300000000000002
512,2021-03-26,-0.017800000000000003
513,2021-03-25,-0.017800000000000003
514,2021-03-24,-0.0152
515,2021-03-23,-0.020300000000000002
516,2021-03-22,-0.025400000000000002
517,2021-03-19,-0.0304
518,2021-03-18,-0.0304
519,2021-03-17,-0.030500000000000003
520,2021-03-16,-0.020300000000000002
521,2021-03-15,-0.022799999999999997
522,2021-03-12,-0.015199999999999998
523,2021-03-11,-0.007599999999999996
524,2021-03-10,-0.007599999999999999
525,2021-03-09,0.0026000000000000016
526,2021-03-08,0.007700000000000002
527,2021-03-05,0.005000000000000001
528,2021-03-04,0.007599999999999999
529,2021-03-03,-0.0051
530,2021-03-02,-0.015200000000000002
531,2021-03-01,-0.015199999999999998
532,2021-02-26,-0.030399999999999996
533,2021-02-25,-0.0354
534,2021-02-22,-0.04309999999999999
535,2021-02-19,-0.04309999999999999
536,2021-02-18,-0.0482
537,2021-02-15,-0.040600000000000004
538,2021-02-12,-0.040600000000000004
539,2021-02-11,-0.04560000000000001
540,2021-02-08,-0.04569999999999999
541,2021-02-05,-0.0558
542,2021-02-04,-0.0406
543,2021-02-01,-0.010099999999999998
544,2021-01-29,-0.038
545,2021-01-28,-0.0305
546,2021-01-25,-0.012700000000000003
547,2021-01-22,-0.005100000000000007
548,2021-01-21,-0.010100000000000012
549,2021-01-18,-0.0050000000000000044
550,2021-01-15,0.0102
551,2021-01-14,0.010099999999999998
552,2021-01-11,0.017700000000000007
553,2021-01-08,0.002599999999999991
554,2021-01-07,0.0102
555,2021-01-04,-0.010099999999999998
556,2021-01-01,-0.017800000000000003
557,2020-12-30,-0.00020000000000000573
558,2020-12-25,0.0023000000000000104
559,2020-12-24,0.007400000000000004
560,2020-12-23,0.012700000000000003
561,2020-12-18,0.010100000000000012
562,2020-12-17,0.0025000000000000022
563,2020-12-16,0.0
564,2020-12-11,-0.025300000000000003
565,2020-12-10,-0.017700000000000007
566,2020-12-09,-0.017700000000000007
567,2020-12-04,-0.012700000000000003
568,2020-12-03,-0.0126
569,2020-12-02,-0.010300000000000004
570,2020-11-30,-0.015200000000000005
571,2020-11-27,-0.015299999999999994
572,2020-11-26,0.002699999999999994
573,2020-11-23,-0.0203
574,2020-11-20,-0.0228
575,2020-11-19,-0.030400000000000003
576,2020-11-16,-0.015200000000000005
577,2020-11-13,-0.0050000000000000044
578,2020-11-12,-0.007599999999999996
579,2020-11-09,-0.005099999999999993
580,2020-11-06,0.0025000000000000022
581,2020-11-05,-0.00020000000000000573
582,2020-11-02,0.0
583,2020-10-30,-0.005099999999999993
584,2020-10-29,0.0
585,2020-10-28,-0.0022999999999999965
586,2020-10-23,-0.0025000000000000022
587,2020-10-22,0.0025000000000000022
588,2020-10-21,0.010099999999999998
589,2020-10-16,-0.0024999999999999883
590,2020-10-15,-0.005100000000000007
591,2020-10-14,-0.0050000000000000044
592,2020-10-09,-0.0076000000000000095
593,2020-10-08,-0.020599999999999993
594,2020-10-07,-0.0077999999999999875
595,2020-10-02,-0.012699999999999989
596,2020-10-01,-0.012699999999999989
597,2020-09-28,-0.007599999999999996
598,2020-09-25,0.002600000000000005
599,2020-09-24,0.005100000000000007
600,2020-09-21,-0.010099999999999998
601,2020-09-18,-0.0102
602,2020-09-17,-0.0025000000000000022
603,2020-09-14,0.015200000000000005
604,2020-09-11,0.010099999999999998
605,2020-09-10,0.012499999999999997
606,2020-09-07,0.010099999999999998
607,2020-09-04,0.012699999999999989
608,2020-09-03,0.015399999999999997
609,2020-08-31,0.010099999999999998
610,2020-08-28,-0.002600000000000005
611,2020-08-27,-0.0025000000000000022
612,2020-08-24,-0.017700000000000007
613,2020-08-21,-0.0203
614,2020-08-20,-0.0203
615,2020-08-17,-0.017700000000000007
616,2020-08-14,-0.0431
617,2020-08-13,-0.033299999999999996
618,2020-08-10,-0.033100000000000004
619,2020-08-07,-0.05080000000000001
620,2020-08-06,-0.05049999999999999
621,2020-08-03,-0.0532
622,2020-07-30,-0.0431
623,2020-07-29,-0.025400000000000006
624,2020-07-24,-0.03299999999999999
625,2020-07-23,-0.03299999999999999
626,2020-07-22,-0.027900000000000008
627,2020-07-17,-0.0432
628,2020-07-16,-0.04810000000000002
629,2020-07-15,-0.025800000000000017
630,2020-07-10,-0.0407
631,2020-07-09,-0.03299999999999999
632,2020-07-08,-0.022400000000000003
633,2020-07-03,-0.010200000000000015
634,2020-07-02,-0.002600000000000019
635,2020-07-01,0.004699999999999996
636,2020-06-29,-0.0029
637,2020-06-26,0.01999999999999999
638,2020-06-25,0.022499999999999992
639,2020-06-22,0.02510000000000001
640,2020-06-19,0.03270000000000001
641,2020-06-18,0.04029999999999999
642,2020-06-15,0.05350000000000002
643,2020-06-12,0.0305
644,2020-06-11,0.05600000000000001
645,2020-06-08,0.0631
646,2020-06-05,0.0505
647,2020-06-04,0.042899999999999994
648,2020-06-01,0.02550000000000001
649,2020-05-29,0.04580000000000001
650,2020-05-28,0.055999999999999994
651,2020-05-27,0.04830000000000001
652,2020-05-22,0.022900000000000004
653,2020-05-21,0.0204
654,2020-05-20,0.0432
655,2020-05-15,-0.017900000000000013
656,2020-05-14,-0.02800000000000001
657,2020-05-13,-0.084
658,2020-05-08,-0.06860000000000001
659,2020-05-07,-0.0305
660,2020-05-06,0.0534
661,2020-05-01,0.06099999999999999
662,2020-04-30,0.0686
663,2020-04-27,0.1296
664,2020-04-24,0.1372
665,2020-04-23,0.1322
666,2020-04-20,0.1042
667,2020-04-17,-0.0509
668,2020-04-16,-0.0814
669,2020-04-13,-0.05080000000000001
670,2020-04-10,-0.23929999999999998
671,2020-04-09,-0.14759999999999998
672,2020-04-06,-0.397
673,2020-04-03,-0.8612
674,2020-04-02,-1.1419
675,2020-03-27,-1.4588
676,2020-03-26,-1.645
677,2020-03-25,-1.5917
678,2020-03-24,-1.5635000000000001
679,2020-03-20,-1.6047
680,2020-03-19,-1.5946
681,2020-03-18,-1.5815
682,2020-03-17,-1.4316
683,2020-03-13,-1.3276000000000001
684,2020-03-12,-1.2665
685,2020-03-11,-1.1646999999999998
686,2020-03-10,-1.1107
687,2020-03-06,-1.1084999999999998
688,2020-03-05,-0.9378
689,2020-03-04,-0.8358
690,2020-03-03,-0.6338000000000001
691,2020-02-28,-0.2792000000000001
692,2020-02-27,-0.11229999999999984
693,2020-02-24,0.0
694,2020-02-21,0.012900000000000134
695,2020-02-20,0.018199999999999994
696,2020-02-17,0.015399999999999858
697,2020-02-14,0.01750000000000007
698,2020-02-13,0.03610000000000002
699,2020-02-10,0.012799999999999923
700,2020-02-07,0.0253000000000001
701,2020-02-06,0.0411999999999999
702,2020-02-03,0.04600000000000004
703,2020-01-31,-0.005400000000000071
704,2020-01-30,0.030999999999999917
705,2020-01-27,-0.018000000000000016
706,2020-01-24,-0.04129999999999989
707,2020-01-23,-0.007400000000000073
708,2020-01-20,-0.007799999999999807
709,2020-01-17,0.014900000000000135
710,2020-01-16,-0.0022999999999999687
711,2020-01-13,-0.02059999999999995
712,2020-01-10,-0.010599999999999943
713,2020-01-09,-0.00990000000000002
714,2020-01-06,0.012800000000000145
715,2020-01-03,-0.05149999999999988
716,2020-01-02,-0.023699999999999832
717,2019-12-27,-0.0343
718,2019-12-26,-0.013800000000000034
719,2019-12-25,-0.015000000000000124
720,2019-12-20,0.004899999999999904
721,2019-12-19,0.007600000000000051
722,2019-12-18,-0.002200000000000202
723,2019-12-13,-0.007900000000000018
724,2019-12-12,-0.01760000000000006
725,2019-12-11,0.018200000000000216
726,2019-12-06,-0.03610000000000002
727,2019-12-05,-0.010399999999999965
728,2019-12-04,0.007000000000000117
729,2019-11-29,-0.033600000000000074
730,2019-11-28,-0.04249999999999998
731,2019-11-25,-0.0794999999999999
732,2019-11-22,-0.061900000000000066
733,2019-11-21,-0.08679999999999999
734,2019-11-18,-0.10249999999999981
735,2019-11-15,-0.0869000000000002
736,2019-11-14,-0.09959999999999991
737,2019-11-11,-0.11780000000000013
738,2019-11-08,-0.12340000000000018
739,2019-11-07,-0.14869999999999983
740,2019-11-04,-0.1584000000000001
741,2019-11-01,-0.24819999999999998
742,2019-10-30,-0.23449999999999993
743,2019-10-25,-0.22079999999999989
744,2019-10-24,-0.24120000000000008
745,2019-10-23,-0.238
746,2019-10-18,-0.27470000000000017
747,2019-10-17,-0.30800000000000005
748,2019-10-16,-0.32519999999999993
749,2019-10-11,-0.2825
750,2019-10-10,-0.2695000000000001
751,2019-10-09,-0.27370000000000005
752,2019-10-04,-0.2561
753,2019-10-03,-0.26060000000000016
754,2019-10-02,-0.2378
755,2019-09-30,-0.1694
756,2019-09-27,-0.19040000000000012
757,2019-09-26,-0.17399999999999993
758,2019-09-23,-0.06420000000000003
759,2019-09-20,-0.0029999999999998916
760,2019-09-19,0.023499999999999854
761,2019-09-16,0.1178999999999999
762,2019-09-13,-0.031300000000000106
763,2019-09-12,-0.01729999999999987
764,2019-09-09,-0.03839999999999999
765,2019-09-06,-0.07990000000000008
766,2019-09-05,-0.04599999999999982
767,2019-09-02,-0.07179999999999986
768,2019-08-30,-0.08270000000000022
769,2019-08-29,-0.1201000000000001
770,2019-08-26,-0.1360999999999999
771,2019-08-23,-0.08779999999999988
772,2019-08-22,-0.08429999999999982
773,2019-08-19,-0.16939999999999977
774,2019-08-16,-0.2855000000000001
775,2019-08-15,-0.24780000000000002
776,2019-08-12,-0.1614
777,2019-08-09,-0.2491000000000001
778,2019-08-08,-0.22330000000000005
779,2019-08-05,-0.21829999999999994
780,2019-08-02,-0.12390000000000034
781,2019-08-01,-0.03290000000000015
782,2019-07-26,-0.026200000000000223
783,2019-07-25,-0.02079999999999993
784,2019-07-24,-0.012199999999999989
785,2019-07-19,-0.09549999999999992
786,2019-07-18,-0.1903999999999999
787,2019-07-17,-0.06530000000000014
788,2019-07-12,-0.08499999999999996
789,2019-07-11,-0.10529999999999973
790,2019-07-10,-0.10289999999999999
791,2019-07-05,-0.12139999999999995
792,2019-07-04,-0.13140000000000018
793,2019-07-03,-0.12150000000000016
794,2019-06-28,-0.2527999999999997
795,2019-06-27,-0.2037
796,2019-06-24,-0.23240000000000016
797,2019-06-21,-0.26659999999999995
798,2019-06-20,-0.2370000000000001
799,2019-06-17,-0.19490000000000007
800,2019-06-14,-0.2237
801,2019-06-13,-0.22750000000000004
802,2019-06-10,-0.1452
803,2019-06-07,-0.14579999999999993
804,2019-06-06,-0.1059000000000001
805,2019-06-03,-0.0924999999999998
806,2019-05-30,-0.046499999999999986
807,2019-05-29,-0.05819999999999981
808,2019-05-24,-0.08030000000000026
809,2019-05-23,-0.07209999999999983
810,2019-05-22,-0.055600000000000094
811,2019-05-17,-0.05449999999999999
812,2019-05-16,-0.033600000000000296
813,2019-05-15,-0.00949999999999962
814,2019-05-10,0.007099999999999884
815,2019-05-09,0.012499999999999734
816,2019-05-08,0.01089999999999991
817,2019-05-03,-0.0033000000000003027
818,2019-05-02,0.007199999999999651
819,2019-05-01,0.028999999999999915
820,2019-04-29,0.025399999999999867
821,2019-04-26,-0.03929999999999989
822,2019-04-25,-0.030100000000000016
823,2019-04-22,-0.020700000000000163
824,2019-04-19,-0.03160000000000007
825,2019-04-18,-0.020399999999999974
826,2019-04-15,-0.033500000000000085
827,2019-04-12,-0.01880000000000015
828,2019-04-11,-0.009700000000000042
829,2019-04-08,-0.028200000000000003
830,2019-04-05,-0.010999999999999677
831,2019-04-04,-0.0018000000000002458
832,2019-04-01,-0.05150000000000032
833,2019-03-28,-0.017900000000000027
834,2019-03-27,-0.01540000000000008
835,2019-03-26,0.010299999999999976
836,2019-03-25,0.0024999999999999467
837,2019-03-22,0.0
838,2019-03-21,0.01540000000000008
839,2019-03-20,0.017900000000000027
840,2019-03-19,0.0242
841,2019-03-18,0.012799999999999923
842,2019-03-15,0.015499999999999847
843,2019-03-14,0.01540000000000008
844,2019-03-13,0.010199999999999765
845,2019-03-12,0.01540000000000008
846,2019-03-11,0.0025999999999997137
847,2019-03-08,0.028200000000000003
848,2019-03-07,0.048799999999999955
849,2019-03-06,0.03849999999999998
850,2019-03-05,0.02829999999999977
851,2019-03-04,0.04620000000000024
852,2019-03-01,0.04360000000000008
853,2019-02-28,0.051899999999999835
854,2019-02-25,0.0665
855,2019-02-22,0.04899999999999993
856,2019-02-21,0.04939999999999989
857,2019-02-18,0.025700000000000056
858,2019-02-15,-0.0034999999999998366
859,2019-02-14,0.008299999999999752
860,2019-02-11,0.010099999999999998
861,2019-02-08,-0.026499999999999968
862,2019-02-07,-0.007099999999999884
863,2019-02-04,-0.02839999999999998
864,2019-02-01,0.031099999999999905
865,2019-01-31,0.028999999999999915
866,2019-01-28,0.010099999999999998
867,2019-01-25,0.000300000000000189
868,2019-01-24,-0.01980000000000004
869,2019-01-21,0.017799999999999816
870,2019-01-18,0.009300000000000086
871,2019-01-17,0.016000000000000014
872,2019-01-14,0.0024000000000001798
873,2019-01-11,0.02740000000000009
874,2019-01-10,0.04939999999999989
875,2019-01-07,0.017799999999999816
876,2019-01-04,-0.0005999999999999339
877,2019-01-03,0.06730000000000036
878,2018-12-28,-0.008299999999999752
879,2018-12-27,0.010000000000000231
880,2018-12-26,0.03160000000000007
881,2018-12-21,-0.020999999999999908
882,2018-12-20,-0.000300000000000189
883,2018-12-19,0.04689999999999994
884,2018-12-14,0.037900000000000045
885,2018-12-13,0.06999999999999984
886,2018-12-12,0.0726
887,2018-12-07,0.03270000000000017
888,2018-12-06,0.06380000000000008
889,2018-12-05,0.09559999999999969
890,2018-11-30,0.01969999999999983
891,2018-11-29,0.04930000000000012
892,2018-11-26,0.07419999999999982
893,2018-11-23,0.07349999999999968
894,2018-11-22,0.09540000000000015
895,2018-11-19,0.043400000000000105
896,2018-11-16,0.045399999999999885
897,2018-11-15,0.08260000000000023
898,2018-11-12,0.08180000000000032
899,2018-11-09,0.11030000000000006
900,2018-11-08,0.1389999999999998
901,2018-11-05,0.10250000000000004
902,2018-11-02,0.1069
903,2018-11-01,0.121
904,2018-10-26,0.12749999999999995
905,2018-10-25,0.12020000000000008
906,2018-10-24,0.1620999999999997
907,2018-10-19,0.1429999999999998
908,2018-10-18,0.14319999999999977
909,2018-10-17,0.15700000000000003
910,2018-10-12,0.1275999999999997
911,2018-10-11,0.12020000000000008
912,2018-10-10,0.13390000000000013
913,2018-10-05,0.07869999999999999
914,2018-10-04,0.10299999999999976
915,2018-10-03,0.12360000000000015
916,2018-09-28,0.08650000000000002
917,2018-09-27,0.08750000000000036
918,2018-09-24,0.07910000000000039
919,2018-09-21,0.10170000000000012
920,2018-09-20,0.12849999999999984
921,2018-09-17,0.11509999999999998
922,2018-09-14,0.07620000000000005
923,2018-09-13,0.09519999999999973
924,2018-09-10,0.08179999999999987
925,2018-09-07,0.08650000000000002
926,2018-09-06,0.11819999999999986
927,2018-09-03,0.09200000000000008
928,2018-08-31,0.07349999999999968
929,2018-08-30,0.11570000000000014
930,2018-08-27,0.11519999999999975
931,2018-08-24,0.10199999999999987
932,2018-08-23,0.11830000000000007
933,2018-08-20,0.06390000000000007
934,2018-08-17,0.025000000000000355
935,2018-08-16,0.0694999999999999
936,2018-08-13,0.07150000000000012
937,2018-08-10,0.07359999999999989
938,2018-08-09,0.09260000000000002
939,2018-08-06,0.06640000000000024
940,2018-08-03,0.04049999999999976
941,2018-08-02,0.07719999999999994
942,2018-07-27,0.06350000000000011
943,2018-07-26,0.06630000000000003
944,2018-07-25,0.1080000000000001
945,2018-07-20,0.04559999999999986
946,2018-07-19,0.06119999999999992
947,2018-07-18,0.07730000000000015
948,2018-07-13,0.045700000000000074
949,2018-07-12,0.04590000000000005
950,2018-07-11,0.05679999999999996
951,2018-07-06,0.007299999999999862
952,2018-07-05,0.010099999999999998
953,2018-07-04,0.05940000000000012
954,2018-06-29,0.03860000000000019
955,2018-06-28,0.023500000000000076
956,2018-06-25,-0.0051000000000001044
957,2018-06-22,-0.01330000000000009
958,2018-06-21,0.02849999999999997
959,2018-06-18,0.03820000000000001
960,2018-06-15,0.017400000000000082
961,2018-06-14,0.02859999999999996
962,2018-06-11,-0.0026999999999999247
963,2018-06-08,0.053199999999999914
964,2018-06-07,0.09499999999999997
965,2018-06-04,0.0766
966,2018-06-01,0.0737000000000001
967,2018-05-30,0.11309999999999998
968,2018-05-25,0.045500000000000096
969,2018-05-24,0.043299999999999894
970,2018-05-23,0.08750000000000013
971,2018-05-18,0.07379999999999987
972,2018-05-17,0.12009999999999987
973,2018-05-16,0.1564000000000001
974,2018-05-11,0.17869999999999986
975,2018-05-10,0.16349999999999998
976,2018-05-09,0.17179999999999995
977,2018-05-04,0.1299999999999999
978,2018-05-03,0.08420000000000005
979,2018-05-02,0.1077999999999999
980,2018-04-30,0.09950000000000014
981,2018-04-27,0.05069999999999997
982,2018-04-26,0.06940000000000013
983,2018-04-23,0.10209999999999986
984,2018-04-20,0.012299999999999978
985,2018-04-19,0.05400000000000005
986,2018-04-16,-0.028200000000000003
987,2018-04-13,0.04559999999999986
988,2018-04-12,0.06929999999999992
989,2018-04-09,0.0484
990,2018-04-06,0.045600000000000085
991,2018-04-05,0.048899999999999944
992,2018-04-02,0.0766
993,2018-03-28,0.0665
994,2018-03-27,0.09200000000000008
995,2018-03-26,0.09959999999999991
996,2018-03-23,0.07669999999999999
997,2018-03-22,0.07669999999999999
998,2018-03-21,0.10230000000000006
999,2018-03-20,0.19220000000000015
1000,2018-03-19,0.16609999999999991
1001,2018-03-16,0.17899999999999983
1002,2018-03-15,0.17369999999999997
1003,2018-03-14,0.1762999999999999
1004,2018-03-13,0.1201000000000001
1005,2018-03-12,0.10470000000000002
1006,2018-03-09,0.10470000000000002
1007,2018-03-08,0.11500000000000021
1008,2018-03-07,0.13290000000000002
1009,2018-03-06,0.14559999999999995
1010,2018-03-05,0.17610000000000015
1011,2018-03-02,0.16589999999999994
1012,2018-03-01,0.13290000000000002
1013,2018-02-26,0.22720000000000007
1014,2018-02-23,0.20389999999999997
1015,2018-02-22,0.21719999999999984
1016,2018-02-19,0.1633
1017,2018-02-16,0.17110000000000003
1018,2018-02-15,0.15090000000000003
1019,2018-02-12,0.13270000000000004
1020,2018-02-09,0.1299999999999999
1021,2018-02-08,0.13299999999999979
1022,2018-02-05,0.08679999999999999
1023,2018-02-02,0.08440000000000003
1024,2018-02-01,0.10230000000000006
1025,2018-01-29,0.028100000000000014
1026,2018-01-26,0.08169999999999988
1027,2018-01-25,0.09460000000000002
1028,2018-01-22,0.09440000000000004
1029,2018-01-19,0.061000000000000165
1030,2018-01-18,0.08950000000000014
1031,2018-01-15,0.125
1032,2018-01-12,0.1120000000000001
1033,2018-01-11,0.14050000000000007
1034,2018-01-08,0.1351
1035,2018-01-05,0.10430000000000006
1036,2018-01-04,0.12780000000000014
1037,2018-01-01,0.11719999999999997
1038,2017-12-29,0.0915999999999999
1039,2017-12-28,0.09939999999999993
1040,2017-12-27,0.18899999999999983
1041,2017-12-22,0.03810000000000002
1042,2017-12-21,0.06879999999999997
1043,2017-12-20,0.11499999999999999
1044,2017-12-15,0.07380000000000009
1045,2017-12-14,0.061100000000000154
1046,2017-12-13,0.08949999999999991
1047,2017-12-08,0.04830000000000001
1048,2017-12-07,0.07769999999999988
1049,2017-12-06,0.1048
1050,2017-12-01,0.09929999999999994
1051,2017-11-30,0.1633
1052,2017-11-27,0.1503000000000001
1053,2017-11-24,0.1501999999999999
1054,2017-11-23,0.19650000000000012
1055,2017-11-20,0.15539999999999998
1056,2017-11-17,0.17069999999999985
1057,2017-11-16,0.19130000000000003
1058,2017-11-13,0.1401000000000001
1059,2017-11-10,0.14789999999999992
1060,2017-11-09,0.16070000000000007
1061,2017-11-06,0.11460000000000004
1062,2017-11-03,0.12470000000000003
1063,2017-11-02,0.139
1064,2017-10-27,0.04699999999999993
1065,2017-10-26,0.04579999999999984
1066,2017-10-25,0.09060000000000001
1067,2017-10-20,0.07509999999999994
1068,2017-10-19,0.058499999999999996
1069,2017-10-18,0.07530000000000014
1070,2017-10-13,0.03299999999999992
1071,2017-10-12,0.044499999999999984
1072,2017-10-11,0.05370000000000008
1073,2017-10-06,0.007500000000000062
1074,2017-10-05,0.06000000000000005
1075,2017-10-04,0.06119999999999992
1076,2017-09-29,0.03289999999999993
1077,2017-09-28,0.028100000000000014
1078,2017-09-25,0.0038000000000000256
1079,2017-09-22,0.022800000000000042
1080,2017-09-21,0.05230000000000001
1081,2017-09-18,0.011399999999999855
1082,2017-09-15,0.007500000000000062
1083,2017-09-14,0.0230999999999999
1084,2017-09-11,0.0024999999999999467
1085,2017-09-08,-0.007800000000000029
1086,2017-09-07,-0.011299999999999866
1087,2017-09-04,-0.07000000000000006
1088,2017-09-01,-0.06759999999999988
1089,2017-08-31,-0.08140000000000003
1090,2017-08-28,-0.058599999999999985
1091,2017-08-25,-0.15049999999999986
1092,2017-08-24,-0.15779999999999994
1093,2017-08-21,-0.1834
1094,2017-08-18,-0.05109999999999992
1095,2017-08-17,-0.04059999999999997
1096,2017-08-14,-0.011500000000000066
1097,2017-08-11,-0.00529999999999986
1098,2017-08-10,0.0039000000000000146
1099,2017-08-07,0.0242
1100,2017-08-04,0.0484
1101,2017-08-03,0.05109999999999992
1102,2017-07-28,0.07629999999999981
1103,2017-07-27,0.09169999999999989
1104,2017-07-26,0.1632
1105,2017-07-21,0.17820000000000003
1106,2017-07-20,0.12729999999999997
1107,2017-07-19,0.10210000000000008
1108,2017-07-14,0.030399999999999983
1109,2017-07-13,0.035600000000000076
1110,2017-07-12,0.04600000000000004
1111,2017-07-07,0.04059999999999997
1112,2017-07-06,0.06110000000000004
1113,2017-07-05,0.07140000000000002
1114,2017-06-30,0.08160000000000012
1115,2017-06-29,0.0969000000000001
1116,2017-06-26,0.025499999999999967
1117,2017-06-23,0.04569999999999996
1118,2017-06-22,0.051000000000000045
1119,2017-06-19,0.0966999999999999
1120,2017-06-16,0.10180000000000011
1121,2017-06-15,0.12740000000000007
1122,2017-06-12,0.12719999999999998
1123,2017-06-09,0.1018
1124,2017-06-08,0.10199999999999998
1125,2017-06-05,0.08660000000000001
1126,2017-06-02,0.12719999999999998
1127,2017-06-01,0.16810000000000003
1128,2017-05-26,0.1169
1129,2017-05-25,0.1069
1130,2017-05-24,0.13249999999999995
1131,2017-05-19,0.1068
1132,2017-05-18,0.1069
1133,2017-05-17,0.08660000000000001
1134,2017-05-12,0.06610000000000005
1135,2017-05-11,0.06610000000000005
1136,2017-05-10,0.08660000000000001
1137,2017-05-05,0.08640000000000003
1138,2017-05-04,0.10170000000000001
1139,2017-05-03,0.10699999999999998
1140,2017-04-28,0.020199999999999996
1141,2017-04-27,0.025499999999999967
1142,2017-04-24,0.025399999999999978
1143,2017-04-21,0.015199999999999991
1144,2017-04-20,0.06110000000000004
1145,2017-04-17,0.07630000000000003
1146,2017-04-14,0.04059999999999997
1147,2017-04-13,0.06110000000000004
1148,2017-04-10,0.06110000000000004
1149,2017-04-07,0.07119999999999993
1150,2017-04-06,0.08150000000000002
1151,2017-04-03,0.061000000000000054
1152,2017-03-28,0.16790000000000005
1153,2017-03-27,0.2695000000000001
1154,2017-03-24,0.2593000000000001
1155,2017-03-23,0.2542
1156,2017-03-22,0.24919999999999998
1157,2017-03-21,0.24420000000000008
1158,2017-03-20,0.2136
1159,2017-03-17,0.2136
1160,2017-03-16,0.20339999999999991
1161,2017-03-15,0.18819999999999992
1162,2017-03-14,0.2238
1163,2017-03-13,0.20839999999999992
1164,2017-03-10,0.20839999999999992
1165,2017-03-09,0.18809999999999993
1166,2017-03-08,0.18309999999999993
1167,2017-03-07,0.2237
1168,2017-03-06,0.20339999999999991
1169,2017-03-03,0.19829999999999998
1170,2017-03-02,0.1627
1171,2017-03-01,0.1169
1172,2017-02-27,-0.0051000000000001044
1173,2017-02-24,0.0
1174,2017-02-23,0.02040000000000003
1175,2017-02-20,0.015199999999999936
1176,2017-02-17,-0.010200000000000098
1177,2017-02-16,-0.005099999999999993
1178,2017-02-13,0.010199999999999987
1179,2017-02-10,0.025399999999999978
1180,2017-02-09,0.040700000000000014
1181,2017-02-06,0.0051000000000001044
1182,2017-02-03,0.010199999999999987
1183,2017-02-02,0.0
1184,2017-01-30,0.005099999999999938
1185,2017-01-27,-0.004999999999999893
1186,2017-01-26,-0.010200000000000042
1187,2017-01-23,-0.02040000000000003
1188,2017-01-20,-0.010200000000000042
1189,2017-01-19,0.015299999999999925
1190,2017-01-16,0.030500000000000027
1191,2017-01-13,-0.010199999999999987
1192,2017-01-12,0.010200000000000098
1193,2017-01-09,-0.03560000000000002
1194,2017-01-06,0.025299999999999934
1195,2017-01-05,0.050900000000000056
1196,2017-01-02,0.03560000000000002
1197,2016-12-30,0.020299999999999985
1198,2016-12-29,-0.030500000000000027
1199,2016-12-28,0.04580000000000006
1200,2016-12-23,0.015300000000000036
1201,2016-12-22,0.02029999999999993
1202,2016-12-21,0.07119999999999993
1203,2016-12-16,0.03550000000000003
1204,2016-12-15,0.015199999999999991
1205,2016-12-14,0.020400000000000085
1206,2016-12-09,0.10670000000000002
1207,2016-12-08,0.08639999999999992
1208,2016-12-07,0.09539999999999998
1209,2016-12-02,0.10059999999999997
1210,2016-12-01,0.11579999999999996
1211,2016-11-28,0.18279999999999996
1212,2016-11-25,0.16250000000000003
1213,2016-11-24,0.17270000000000002
1214,2016-11-21,0.10660000000000003
1215,2016-11-18,0.09640000000000004
1216,2016-11-17,0.127
1217,2016-11-14,0.22339999999999993
1218,2016-11-11,0.1362
1219,2016-11-10,0.15149999999999997
1220,2016-11-07,0.08660000000000001
1221,2016-11-04,0.04580000000000001
1222,2016-11-03,0.067
1223,2016-10-28,0.005100000000000049
1224,2016-10-27,0.030500000000000027
1225,2016-10-26,0.14209999999999998
1226,2016-10-21,0.12179999999999999
1227,2016-10-20,0.04059999999999997
1228,2016-10-19,0.08129999999999998
1229,2016-10-14,-0.030399999999999983
1230,2016-10-13,-0.066
1231,2016-10-12,-0.02130000000000004
1232,2016-10-07,-0.020399999999999974
1233,2016-10-06,0.01100000000000001
1234,2016-10-05,0.0009000000000000119
1235,2016-09-30,-0.05080000000000001
1236,2016-09-29,-0.055900000000000005
1237,2016-09-26,-0.1319
1238,2016-09-23,-0.13190000000000002
1239,2016-09-22,-0.12180000000000002
1240,2016-09-19,-0.05080000000000001
1241,2016-09-16,0.005100000000000049
1242,2016-09-15,-0.0007999999999999674
1243,2016-09-12,0.08650000000000002
1244,2016-09-09,0.055999999999999994
1245,2016-09-08,0.0822
1246,2016-09-05,0.06090000000000001
1247,2016-09-02,0.05070000000000002
1248,2016-09-01,0.0711
1249,2016-08-29,0.055900000000000005
1250,2016-08-26,0.010099999999999998
1251,2016-08-25,0.015199999999999991
1252,2016-08-22,-0.02529999999999999
1253,2016-08-19,-0.010199999999999987
1254,2016-08-18,-0.0007999999999999674
1255,2016-08-15,-0.015199999999999991
1256,2016-08-12,-0.01529999999999998
1257,2016-08-11,0.0007999999999999674
1258,2016-08-08,-0.015199999999999991
1259,2016-08-05,0.015199999999999991
1260,2016-08-04,0.0
1261,2016-08-01,0.0
1262,2016-07-29,-0.005099999999999993
1263,2016-07-28,-0.015199999999999991
1264,2016-07-27,0.03550000000000003
1265,2016-07-22,0.05070000000000002
1266,2016-07-21,0.040600000000000025
1267,2016-07-20,0.07039999999999999
1268,2016-07-15,0.04579999999999995
1269,2016-07-14,0.04580000000000001
1270,2016-07-13,0.046499999999999986
1271,2016-07-08,0.04059999999999997
1272,2016-07-07,0.02030000000000004
1273,2016-07-06,0.010199999999999987
1274,2016-07-01,-0.03560000000000002
1275,2016-06-30,-0.051600000000000035
1276,2016-06-27,-0.06680000000000003
1277,2016-06-24,-0.09749999999999998
1278,2016-06-23,-0.03639999999999999
1279,2016-06-20,-0.05600000000000002
1280,2016-06-17,-0.03059999999999996
1281,2016-06-16,-0.010199999999999987
1282,2016-06-13,-0.01090000000000002
1283,2016-06-10,-0.0006000000000000172
1284,2016-06-09,0.034999999999999976
1285,2016-06-06,0.06539999999999999
1286,2016-06-03,0.08070000000000002
1287,2016-06-02,0.08569999999999997
1288,2016-05-27,0.0763
1289,2016-05-26,0.040799999999999975
1290,2016-05-25,0.0764
1291,2016-05-20,0.08140000000000003
1292,2016-05-19,0.09159999999999999
1293,2016-05-18,0.09159999999999999
1294,2016-05-13,0.040700000000000014
1295,2016-05-12,0.040700000000000014
1296,2016-05-11,0.040700000000000014
1297,2016-05-06,-0.03559999999999999
1298,2016-05-05,-0.025400000000000006
1299,2016-05-04,-0.005099999999999993
1300,2016-04-29,-0.015300000000000008
1301,2016-04-28,-0.05600000000000002
1302,2016-04-25,-0.03059999999999999
1303,2016-04-22,-0.06619999999999998
1304,2016-04-21,-0.07119999999999999
1305,2016-04-18,-0.08149999999999999
1306,2016-04-15,-0.11199999999999999
1307,2016-04-14,-0.09670000000000001
1308,2016-04-11,-0.1018
1309,2016-04-08,-0.07629999999999998
1310,2016-04-07,-0.04580000000000001
1311,2016-04-04,-0.07120000000000001
1312,2016-04-01,-0.1018
1313,2016-03-29,-0.09160000000000001
1314,2016-03-25,-0.040700000000000014
1315,2016-03-24,-0.0509
1316,2016-03-23,-0.02040000000000003
1317,2016-03-22,-0.0050000000000000044
1318,2016-03-18,-0.005099999999999993
1319,2016-03-17,-0.020299999999999985
1320,2016-03-16,0.015199999999999991
1321,2016-03-15,0.0509
1322,2016-03-11,0.03560000000000002
1323,2016-03-10,0.005099999999999993
1324,2016-03-09,-0.005100000000000049
1325,2016-03-08,0.035599999999999965
1326,2016-03-04,-0.025499999999999967
1327,2016-03-03,-0.055999999999999994
1328,2016-03-02,-0.0408
1329,2016-03-01,0.025500000000000023
1330,2016-02-29,0.005099999999999993
1331,2016-02-26,0.0
1332,2016-02-25,0.03560000000000002
1333,2016-02-22,0.005099999999999993
1334,2016-02-19,0.0509
1335,2016-02-18,0.06109999999999999
1336,2016-02-15,0.0509
1337,2016-02-12,0.0713
1338,2016-02-11,0.09159999999999999
1339,2016-02-08,0.07120000000000001
1340,2016-02-05,0.09159999999999999
1341,2016-02-04,0.12729999999999997
1342,2016-02-01,0.13739999999999997
1343,2016-01-29,0.11700000000000002
1344,2016-01-28,0.1323
1345,2016-01-25,0.08659999999999998
1346,2016-01-22,0.10679999999999998
1347,2016-01-21,0.1222
1348,2016-01-18,0.055999999999999994
1349,2016-01-15,-0.015200000000000019
1350,2016-01-14,0.040700000000000014
1351,2016-01-11,-0.0305
1352,2016-01-08,-0.0763
1353,2016-01-07,-0.03059999999999999
1354,2016-01-04,-0.0509
1355,2016-01-01,-0.03559999999999999
1356,2015-12-30,-0.025400000000000006
1357,2015-12-25,0.025400000000000006
1358,2015-12-24,0.040700000000000014
1359,2015-12-23,0.0865
1360,2015-12-18,0.061
1361,2015-12-17,0.1017
1362,2015-12-16,0.14750000000000002
1363,2015-12-11,0.09160000000000001
1364,2015-12-10,0.1018
1365,2015-12-09,0.1731
1366,2015-12-04,0.1781
1367,2015-12-03,0.1527
1368,2015-12-02,0.1526
1369,2015-11-30,0.0966
1370,2015-11-27,0.1525
1371,2015-11-26,0.1576
1372,2015-11-23,0.1068
1373,2015-11-20,0.0864
1374,2015-11-19,0.09659999999999999
1375,2015-11-16,0.1017
1376,2015-11-13,0.1169
1377,2015-11-12,0.1271
1378,2015-11-09,0.0761
1379,2015-11-06,0.0812
1380,2015-11-05,0.0457
1381,2015-11-02,0.0559
1382,2015-10-30,0.0915
1383,2015-10-29,0.0712
1384,2015-10-28,0.0407
1385,2015-10-23,-0.0051
1386,2015-10-22,0.0051
1387,2015-10-21,0.0152
1388,2015-10-16,-0.0508
1389,2015-10-15,-0.061
1390,2015-10-14,-0.0254
1391,2015-10-09,-0.0253
1392,2015-10-08,-0.0254
1393,2015-10-07,-0.0305
1394,2015-10-02,-0.015300000000000001
1395,2015-10-01,-0.061
1396,2015-09-28,-0.0559
1397,2015-09-25,-0.0711
1398,2015-09-24,-0.0153
1399,2015-09-21,-0.0355
1400,2015-09-18,-0.08130000000000001
1401,2015-09-17,-0.0659
1402,2015-09-14,-0.06080000000000001
1403,2015-09-11,-0.0761
1404,2015-09-10,-0.05090000000000001
1405,2015-09-07,-0.0356
1406,2015-09-04,-0.05090000000000001
1407,2015-09-03,-0.050800000000000005
1408,2015-08-31,-0.061
1409,2015-08-28,0.0049999999999999975
1410,2015-08-27,0.0203
1411,2015-08-24,-0.0152
1412,2015-08-21,-0.0051
1413,2015-08-20,-0.004999999999999999
1414,2015-08-17,0.0456
1415,2015-08-14,0.07600000000000001
1416,2015-08-13,0.0964
1417,2015-08-10,0.061000000000000006
1418,2015-08-07,0.0508
1419,2015-08-06,0.0254
1420,2015-08-03,0.0661
1421,2015-07-30,0.061000000000000006
1422,2015-07-29,0.0458
1423,2015-07-24,0.0305
1424,2015-07-23,0.0254
1425,2015-07-22,0.0305
1426,2015-07-17,0.0152
1427,2015-07-16,0.0101
1428,2015-07-15,0.004999999999999999
1429,2015-07-10,-0.010199999999999999
1430,2015-07-09,0.0
1431,2015-07-08,0.0
1432,2015-07-03,-0.0102
1433,2015-07-02,-0.0051
1434,2015-07-01,0.0153
1435,2015-06-29,0.0
1436,2015-06-26,-0.0101
1437,2015-06-25,-0.0101
1438,2015-06-22,-0.0101
1439,2015-06-19,-0.0101
1440,2015-06-18,-0.0051
1441,2015-06-15,-0.004999999999999999
1442,2015-06-12,-0.004999999999999999
1443,2015-06-11,0.0051
1444,2015-06-08,0.0051
1445,2015-06-05,0.010199999999999999
1446,2015-06-04,0.0102
1447,2015-06-01,0.0
1448,2015-05-29,0.0051
1449,2015-05-28,-0.0101
1450,2015-05-27,-0.004999999999999999
1451,2015-05-22,-0.010199999999999999
1452,2015-05-21,-0.010199999999999999
1453,2015-05-20,0.0051
1454,2015-05-15,0.0
1455,2015-05-14,-0.0051
1456,2015-05-13,0.0051
1457,2015-05-08,-0.015199999999999998
1458,2015-05-07,-0.0101
1459,2015-05-06,0.0
1460,2015-05-01,-0.0152
1461,2015-04-30,-0.0152
1462,2015-04-27,-0.0254
1463,2015-04-24,0.0
1464,2015-04-23,0.0203
1465,2015-04-20,0.0101
1466,2015-04-17,-0.030400000000000003
1467,2015-04-16,-0.0152
1468,2015-04-13,-0.010199999999999999
1469,2015-04-10,0.0051
1470,2015-04-09,0.015199999999999998
1471,2015-04-06,0.0
1472,2015-04-03,0.0
1473,2015-04-02,0.0
1474,2015-03-27,0.0254
1475,2015-03-26,0.0101
1476,2015-03-25,0.0101
1477,2015-03-24,0.0
1478,2015-03-23,-0.0152
1479,2015-03-20,-0.0152
1480,2015-03-19,-0.0101
1481,2015-03-18,0.0101
1482,2015-03-17,0.0405
1483,2015-03-16,0.0253
1484,2015-03-13,0.015199999999999998
1485,2015-03-12,0.010199999999999999
1486,2015-03-11,0.0101
1487,2015-03-10,0.004999999999999999
1488,2015-03-09,0.0
1489,2015-03-06,-0.0101
1490,2015-03-05,0.0
1491,2015-03-04,0.0
1492,2015-03-03,-0.0051
1493,2015-03-02,0.004999999999999999
1494,2015-02-27,-0.0051
1495,2015-02-26,0.0101
1496,2015-02-23,0.0
1497,2015-02-20,0.0101
1498,2015-02-19,0.0
1499,2015-02-16,-0.0101
1500,2015-02-13,-0.0202
1501,2015-02-12,-0.0051
1502,2015-02-09,-0.0101
1503,2015-02-06,-0.0101
1504,2015-02-05,-0.004999999999999999
1505,2015-02-02,-0.0101
1506,2015-01-30,-0.0051
1507,2015-01-29,0.0051
1508,2015-01-26,0.0051
1509,2015-01-23,0.0051
1510,2015-01-22,-0.005099999999999999
1511,2015-01-19,-0.0101
1512,2015-01-16,-0.0152
1513,2015-01-15,0.0202
1514,2015-01-12,0.0
1515,2015-01-09,-0.0101
1516,2015-01-08,0.0101
1517,2015-01-05,0.0
1518,2015-01-02,0.0051
1519,2015-01-01,0.0254
1520,2014-12-26,-0.0051
1521,2014-12-25,-0.019299999999999998
1522,2014-12-24,-0.0051
1523,2014-12-19,0.0253
1524,2014-12-18,0.0254
1525,2014-12-17,0.015199999999999998
1526,2014-12-12,0.0051
1527,2014-12-11,0.005099999999999999
1528,2014-12-10,0.005000000000000001
1529,2014-12-05,-0.010199999999999999
1530,2014-12-04,-0.005099999999999999
1531,2014-12-03,0.0
1532,2014-11-28,0.0
1533,2014-11-27,0.0
1534,2014-11-24,0.0
1535,2014-11-21,-0.004999999999999999
1536,2014-11-20,-0.0203
1537,2014-11-17,-0.015199999999999998
1538,2014-11-14,0.0
1539,2014-11-13,0.0
1540,2014-11-10,0.015199999999999998
1541,2014-11-07,0.015199999999999998
1542,2014-11-06,0.015199999999999998
1543,2014-11-03,0.0
1544,2014-10-30,-0.0101
1545,2014-10-29,0.004999999999999999
1546,2014-10-24,-0.004999999999999999
1547,2014-10-23,-0.004999999999999999
1548,2014-10-22,0.0152
1549,2014-10-17,0.005099999999999999
1550,2014-10-16,0.0152
1551,2014-10-15,0.0051
1552,2014-10-10,-0.0101
1553,2014-10-09,-0.004999999999999999
1554,2014-10-08,-0.0203
1555,2014-10-03,-0.015199999999999998
1556,2014-10-02,-0.0051
1557,2014-10-01,-0.010199999999999999
1558,2014-09-29,-0.015199999999999998
1559,2014-09-26,-0.010199999999999999
1560,2014-09-25,-0.0101
1561,2014-09-22,-0.0152
1562,2014-09-19,-0.0152
1563,2014-09-18,-0.0202
1564,2014-09-15,-0.0152
1565,2014-09-12,-0.0152
1566,2014-09-11,-0.0152
1567,2014-09-08,0.0
1568,2014-09-05,0.005000000000000001
1569,2014-09-04,0.005099999999999999
1570,2014-09-01,0.0
1571,2014-08-29,0.005099999999999999
1572,2014-08-28,0.0
1573,2014-08-25,-0.0101
1574,2014-08-22,-0.005099999999999999
1575,2014-08-21,-0.0051
1576,2014-08-18,0.0152
1577,2014-08-15,0.0101
1578,2014-08-14,0.0101
1579,2014-08-11,0.0101
1580,2014-08-08,0.0
1581,2014-08-07,0.010199999999999999
1582,2014-08-04,0.0101
1583,2014-08-01,0.0
1584,2014-07-30,0.010100000000000001
1585,2014-07-25,0.005000000000000001
1586,2014-07-24,0.0
1587,2014-07-23,0.015199999999999998
1588,2014-07-18,-0.0051
1589,2014-07-17,-0.0203
1590,2014-07-16,-0.0101
1591,2014-07-11,-0.0203
1592,2014-07-10,-0.0152
1593,2014-07-09,-0.010100000000000001
1594,2014-07-04,-0.0253
1595,2014-07-03,-0.0253
1596,2014-07-02,-0.0101
1597,2014-06-30,-0.010100000000000001
1598,2014-06-27,-0.005000000000000001
1599,2014-06-26,-0.0051
1600,2014-06-23,-0.0253
1601,2014-06-20,-0.0152
1602,2014-06-19,-0.010199999999999999
1603,2014-06-16,0.0101
1604,2014-06-13,0.010100000000000001
1605,2014-06-12,0.015199999999999998
1606,2014-06-09,0.010100000000000001
1607,2014-06-06,0.010100000000000001
1608,2014-06-05,0.0152
1609,2014-06-02,0.0101
1610,2014-05-30,0.0051
1611,2014-05-29,0.0203
1612,2014-05-28,0.0253
1613,2014-05-23,0.0152
1614,2014-05-22,0.0051
1615,2014-05-21,0.0051
1616,2014-05-16,-0.0101
1617,2014-05-15,-0.010100000000000001
1618,2014-05-14,-0.010100000000000001
1619,2014-05-09,-0.010100000000000001
1620,2014-05-08,0.0
1621,2014-05-07,0.005000000000000001
1622,2014-05-02,0.0
1623,2014-05-01,-0.015199999999999998
1624,2014-04-28,-0.030399999999999996
1625,2014-04-25,-0.035500000000000004
1626,2014-04-24,-0.0405
1627,2014-04-21,-0.020300000000000002
1628,2014-04-18,-0.025300000000000003
1629,2014-04-17,-0.025300000000000003
1630,2014-04-14,-0.015200000000000002
1631,2014-04-11,-0.0051
1632,2014-04-10,-0.005099999999999997
1633,2014-04-07,-0.025300000000000003
1634,2014-04-04,-0.025300000000000003
1635,2014-04-03,-0.030400000000000003
1636,2014-03-28,-0.010100000000000005
1637,2014-03-27,-0.005099999999999997
1638,2014-03-26,0.0
1639,2014-03-25,0.0050000000000000044
1640,2014-03-24,0.010100000000000005
1641,2014-03-21,0.010100000000000005
1642,2014-03-20,0.0051
1643,2014-03-19,0.0051
1644,2014-03-18,0.030400000000000003
1645,2014-03-17,0.035500000000000004
1646,2014-03-14,0.035500000000000004
1647,2014-03-13,0.0203
1648,2014-03-12,-0.0050000000000000044
1649,2014-03-11,-0.0050000000000000044
1650,2014-03-10,-0.020300000000000006
1651,2014-03-07,-0.035500000000000004
1652,2014-03-06,-0.0203
1653,2014-03-05,-0.0051
1654,2014-03-04,-0.0051
1655,2014-03-03,0.020300000000000002
1656,2014-02-28,0.0
1657,2014-02-27,-0.015200000000000005
1658,2014-02-24,-0.010100000000000005
1659,2014-02-21,0.0
1660,2014-02-20,0.015200000000000002
1661,2014-02-17,-0.0203
1662,2014-02-14,-0.0203
1663,2014-02-13,-0.005000000000000001
1664,2014-02-10,0.020300000000000006
1665,2014-02-07,0.04560000000000001
1666,2014-02-06,0.0203
1667,2014-02-03,-0.0406
1668,2014-01-31,-0.0456
1669,2014-01-30,-0.0456
1670,2014-01-27,-0.010099999999999998
1671,2014-01-24,-0.0203
1672,2014-01-23,-0.025300000000000003
1673,2014-01-20,-0.025400000000000002
1674,2014-01-17,-0.0304
1675,2014-01-16,-0.0304
1676,2014-01-13,-0.035500000000000004
1677,2014-01-10,-0.030400000000000003
1678,2014-01-09,-0.015200000000000005
1679,2014-01-06,-0.0102
1680,2014-01-03,0.030400000000000003
1681,2014-01-02,0.010099999999999998
1682,2013-12-27,0.0
1683,2013-12-26,-0.0051
1684,2013-12-25,0.0051
1685,2013-12-20,-0.0203
1686,2013-12-19,-0.0102
1687,2013-12-18,-0.0051
1688,2013-12-13,-0.010199999999999994
1689,2013-12-12,0.010099999999999998
1690,2013-12-11,0.015199999999999998
1691,2013-12-06,0.0102
1692,2013-12-05,0.0102
1693,2013-12-04,0.010100000000000005
1694,2013-11-29,0.020300000000000006
1695,2013-11-28,0.0456
1696,2013-11-25,0.0304
1697,2013-11-22,0.04569999999999999
1698,2013-11-21,0.04569999999999999
1699,2013-11-18,0.0456
1700,2013-11-15,-0.035500000000000004
1701,2013-11-14,0.015199999999999991
1702,2013-11-11,-0.0051
1703,2013-11-08,0.0051
1704,2013-11-07,0.035500000000000004
1705,2013-11-04,0.015199999999999998
1706,2013-11-01,0.0203
1707,2013-10-30,0.0253
1708,2013-10-25,0.0152
1709,2013-10-24,0.010100000000000001
1710,2013-10-23,0.0253
1711,2013-10-18,0.015199999999999998
1712,2013-10-17,0.0355
1713,2013-10-16,0.0811
1714,2013-10-11,0.040600000000000004
1715,2013-10-10,0.030400000000000003
1716,2013-10-09,0.0305
1717,2013-10-04,0.005099999999999999
1718,2013-10-03,0.005099999999999999
1719,2013-10-02,-0.015199999999999998
1720,2013-09-30,-0.015199999999999998
1721,2013-09-27,-0.0507
1722,2013-09-26,-0.0051
1723,2013-09-23,-0.0202
1724,2013-09-20,-0.0254
1725,2013-09-19,-0.0355
1726,2013-09-16,-0.030399999999999996
1727,2013-09-13,-0.035500000000000004
1728,2013-09-12,-0.035500000000000004
1729,2013-09-09,-0.040600000000000004
1730,2013-09-06,-0.0203
1731,2013-09-05,-0.015199999999999998
1732,2013-09-02,-0.010100000000000001
1733,2013-08-30,-0.015199999999999998
1734,2013-08-29,0.005099999999999999
1735,2013-08-26,-0.0101
1736,2013-08-23,0.0101
1737,2013-08-22,0.010199999999999999
1738,2013-08-19,0.015199999999999998
1739,2013-08-16,0.010199999999999997
1740,2013-08-15,0.025300000000000003
1741,2013-08-12,0.020300000000000002
1742,2013-08-09,0.015200000000000005
1743,2013-08-08,0.015200000000000002
1744,2013-08-05,0.0
1745,2013-08-02,0.010100000000000001
1746,2013-08-01,0.0254
1747,2013-07-26,-0.040600000000000004
1748,2013-07-25,-0.040600000000000004
1749,2013-07-24,-0.0203
1750,2013-07-19,-0.0203
1751,2013-07-18,-0.020300000000000002
1752,2013-07-17,-0.015299999999999998
1753,2013-07-12,-0.015200000000000002
1754,2013-07-11,-0.010199999999999997
1755,2013-07-10,-0.010199999999999997
1756,2013-07-05,0.0
1757,2013-07-04,0.0
1758,2013-07-03,0.015299999999999998
1759,2013-06-28,-0.010199999999999997
1760,2013-06-27,0.010100000000000005
1761,2013-06-24,0.0051
1762,2013-06-21,0.0051
1763,2013-06-20,0.010199999999999997
1764,2013-06-17,0.010199999999999997
1765,2013-06-14,0.0051
1766,2013-06-13,0.0051
1767,2013-06-10,0.0051
1768,2013-06-07,0.015299999999999998
1769,2013-06-06,0.015200000000000002
1770,2013-06-03,-0.020300000000000002
1771,2013-05-30,-0.020300000000000002
1772,2013-05-29,-0.015200000000000005
1773,2013-05-24,-0.015200000000000005
1774,2013-05-23,-0.0050000000000000044
1775,2013-05-22,-0.010100000000000005
1776,2013-05-17,-0.020300000000000002
1777,2013-05-16,-0.025400000000000002
1778,2013-05-15,-0.020300000000000006
1779,2013-05-10,-0.030400000000000003
1780,2013-05-09,-0.025300000000000003
1781,2013-05-08,-0.015200000000000005
1782,2013-05-03,-0.0102
1783,2013-05-02,-0.0507
1784,2013-05-01,0.0051
1785,2013-04-29,-0.02029999999999999
1786,2013-04-26,-0.02029999999999999
1787,2013-04-25,-0.010099999999999998
1788,2013-04-22,-0.0203
1789,2013-04-19,-0.0051
1790,2013-04-18,-0.02029999999999999
1791,2013-04-15,-0.025300000000000003
1792,2013-04-12,-0.030500000000000006
1793,2013-04-11,-0.030500000000000006
1794,2013-04-08,-0.030399999999999996
1795,2013-04-05,-0.0355
1796,2013-04-04,-0.0254
1797,2013-04-01,-0.0558
1798,2013-03-28,-0.03040000000000001
1799,2013-03-27,-0.015200000000000005
1800,2013-03-26,-0.04060000000000001
1801,2013-03-25,-0.055799999999999995
1802,2013-03-22,-0.0558
1803,2013-03-21,-0.0558
1804,2013-03-20,-0.050699999999999995
1805,2013-03-19,-0.055799999999999995
1806,2013-03-18,-0.025300000000000003
1807,2013-03-15,-0.015199999999999991
1808,2013-03-14,-0.0049999999999999906
1809,2013-03-13,-0.005100000000000007
1810,2013-03-12,0.0102
1811,2013-03-11,0.025400000000000006
1812,2013-03-08,0.0203
1813,2013-03-07,0.030399999999999996
1814,2013-03-06,0.030399999999999996
1815,2013-03-05,0.025300000000000003
1816,2013-03-04,0.030399999999999996
1817,2013-03-01,0.035500000000000004
1818,2013-02-28,0.040600000000000004
1819,2013-02-25,0.0456
1820,2013-02-22,0.0609
1821,2013-02-21,0.05070000000000001
1822,2013-02-18,0.025300000000000003
1823,2013-02-15,0.020199999999999996
1824,2013-02-14,0.030399999999999996
1825,2013-02-11,0.0
1826,2013-02-08,0.015199999999999998
1827,2013-02-07,0.0051
1828,2013-02-04,-0.010099999999999998
1829,2013-02-01,0.025300000000000003
1830,2013-01-31,0.030399999999999996
1831,2013-01-28,0.0308
1832,2013-01-25,0.02029999999999999
1833,2013-01-24,0.0254
1834,2013-01-21,0.015199999999999991
1835,2013-01-18,0.02029999999999999
1836,2013-01-17,0.050699999999999995
1837,2013-01-14,0.0406
1838,2013-01-11,0.0
1839,2013-01-10,-0.015300000000000001
1840,2013-01-07,-0.020300000000000006
1841,2013-01-04,-0.030399999999999996
1842,2013-01-03,-0.0102
1843,2012-12-28,-0.06130000000000001
1844,2012-12-27,-0.015200000000000005
1845,2012-12-26,-0.035500000000000004
1846,2012-12-21,-0.035500000000000004
1847,2012-12-20,-0.02029999999999999
1848,2012-12-19,-0.0254
1849,2012-12-14,-0.0761
1850,2012-12-13,-0.0357
1851,2012-12-12,-0.030699999999999998
1852,2012-12-07,-0.0155
1853,2012-12-06,-0.00019999999999999185
1854,2012-12-05,0.005100000000000007
1855,2012-11-30,-0.0359
1856,2012-11-29,-0.0305
1857,2012-11-26,-0.0203
1858,2012-11-23,-0.015200000000000005
1859,2012-11-22,0.0
1860,2012-11-19,-0.015200000000000005
1861,2012-11-16,-0.010099999999999998
1862,2012-11-15,-0.015399999999999997
1863,2012-11-12,-0.005100000000000007
1864,2012-11-09,-0.004799999999999999
1865,2012-11-08,-0.009899999999999992
1866,2012-11-05,-0.010099999999999998
1867,2012-11-02,0.005100000000000007
1868,2012-11-01,0.0102
1869,2012-10-26,0.0102
1870,2012-10-25,0.005100000000000007
1871,2012-10-24,0.0102
1872,2012-10-19,-0.015199999999999991
1873,2012-10-18,0.0
1874,2012-10-17,0.015
1875,2012-10-12,-0.005099999999999993
1876,2012-10-11,0.0
1877,2012-10-10,-0.004799999999999999
1878,2012-10-05,-0.005100000000000007
1879,2012-10-04,0.015200000000000005
1880,2012-10-03,0.015200000000000005
1881,2012-09-28,-0.0049999999999999906
1882,2012-09-27,-0.005100000000000007
1883,2012-09-24,0.0049999999999999906
1884,2012-09-21,0.0
1885,2012-09-20,0.020099999999999993
1886,2012-09-17,0.025399999999999992
1887,2012-09-14,-0.0102
1888,2012-09-13,0.0003000000000000086
1889,2012-09-10,0.0
1890,2012-09-07,0.005100000000000007
1891,2012-09-06,0.025300000000000003
1892,2012-09-03,-0.005100000000000007
1893,2012-08-31,-0.025300000000000003
1894,2012-08-30,0.0
1895,2012-08-27,-0.010099999999999998
1896,2012-08-24,-0.0049999999999999906
1897,2012-08-23,0.004799999999999999
1898,2012-08-20,0.0
1899,2012-08-17,-0.025399999999999992
1900,2012-08-16,-0.004900000000000002
1901,2012-08-13,0.015199999999999991
1902,2012-08-10,0.015200000000000005
1903,2012-08-09,0.04060000000000001
1904,2012-08-06,0.005100000000000007
1905,2012-08-03,-0.0050000000000000044
1906,2012-08-02,0.015200000000000005
1907,2012-07-27,0.015200000000000005
1908,2012-07-26,0.015200000000000005
1909,2012-07-25,0.01999999999999999
1910,2012-07-20,0.005100000000000007
1911,2012-07-19,-0.010099999999999998
1912,2012-07-18,0.010300000000000004
1913,2012-07-13,-0.0102
1914,2012-07-12,0.010099999999999998
1915,2012-07-11,0.015200000000000005
1916,2012-07-06,-0.010100000000000012
1917,2012-07-05,-0.005100000000000007
1918,2012-07-04,0.015200000000000005
1919,2012-06-29,0.004799999999999999
1920,2012-06-28,-0.00019999999999999185
1921,2012-06-25,-0.0049999999999999906
1922,2012-06-22,-0.005099999999999993
1923,2012-06-21,0.0102
1924,2012-06-18,-0.00020000000000000573
1925,2012-06-15,-0.005299999999999999
1926,2012-06-14,0.009899999999999992
1927,2012-06-11,-0.015399999999999997
1928,2012-06-08,-0.015399999999999997
1929,2012-06-07,-0.00020000000000000573
1930,2012-06-04,-0.005299999999999999
1931,2012-06-01,-0.020500000000000004
1932,2012-05-30,-0.025599999999999998
1933,2012-05-25,-0.005100000000000007
1934,2012-05-24,0.0102
1935,2012-05-23,0.010099999999999998
1936,2012-05-18,0.0102
1937,2012-05-17,0.015199999999999991
1938,2012-05-16,0.015199999999999991
1939,2012-05-11,0.0102
1940,2012-05-10,0.0102
1941,2012-05-09,0.010099999999999998
1942,2012-05-04,0.0
1943,2012-05-03,0.005100000000000007
1944,2012-05-02,0.015300000000000008
1945,2012-04-30,0.025399999999999992
1946,2012-04-27,0.005100000000000007
1947,2012-04-26,0.015200000000000005
1948,2012-04-23,0.0
1949,2012-04-20,-0.025399999999999992
1950,2012-04-19,-0.0102
1951,2012-04-16,-0.0049999999999999906
1952,2012-04-13,0.0
1953,2012-04-12,0.0049999999999999906
1954,2012-04-09,-0.0049999999999999906
1955,2012-04-06,0.0
1956,2012-04-05,0.005100000000000007
1957,2012-04-02,0.0
1958,2012-03-29,-0.015300000000000008
1959,2012-03-28,-0.015199999999999991
1960,2012-03-27,-0.0204
1961,2012-03-23,-0.015200000000000005
1962,2012-03-22,-0.010099999999999998
1963,2012-03-21,0.025400000000000006
1964,2012-03-20,0.015199999999999991
1965,2012-03-16,-0.015300000000000008
1966,2012-03-15,-0.02550000000000001
1967,2012-03-14,-0.02550000000000001
1968,2012-03-13,-0.015300000000000008
1969,2012-03-09,-0.005100000000000007
1970,2012-03-08,0.0
1971,2012-03-07,-0.0049999999999999906
1972,2012-03-06,0.005099999999999993
1973,2012-03-02,-0.015300000000000008
1974,2012-03-01,0.015300000000000001
1975,2012-02-27,0.0509
1976,2012-02-24,0.0559
1977,2012-02-23,0.050800000000000005
1978,2012-02-20,0.03560000000000001
1979,2012-02-17,0.05600000000000001
1980,2012-02-16,0.0763
1981,2012-02-13,0.0763
1982,2012-02-10,0.0711
1983,2012-02-09,0.08130000000000001
1984,2012-02-06,0.061000000000000006
1985,2012-02-03,0.06609999999999999
1986,2012-02-02,0.0661
1987,2012-01-30,0.0356
1988,2012-01-27,0.0457
1989,2012-01-26,0.0509
1990,2012-01-23,0.0407
1991,2012-01-20,0.0356
1992,2012-01-19,0.0458
1993,2012-01-16,0.0254
1994,2012-01-13,0.015199999999999998
1995,2012-01-12,0.0254
1996,2012-01-09,0.0051
1997,2012-01-06,0.0051
1998,2012-01-05,0.015300000000000001
1999,2012-01-02,0.015300000000000001
2000,2011-12-30,0.0102
2001,2011-12-29,-0.0102
2002,2011-12-28,-0.0102
2003,2011-12-23,-0.0204
2004,2011-12-22,-0.0153
2005,2011-12-21,-0.0051
2006,2011-12-16,-0.0102
2007,2011-12-15,-0.0102
2008,2011-12-14,-0.0102
2009,2011-12-09,-0.0051
2010,2011-12-08,-0.0051
2011,2011-12-07,0.0
2012,2011-12-02,-0.0051
2013,2011-12-01,0.0051
2014,2011-11-28,0.0102
2015,2011-11-25,0.010199999999999999
2016,2011-11-24,0.010199999999999999
2017,2011-11-21,-0.010199999999999999
2018,2011-11-18,-0.0153
2019,2011-11-17,-0.0203
2020,2011-11-14,-0.004999999999999999
2021,2011-11-11,0.0
2022,2011-11-10,-0.0051
2023,2011-11-07,-0.0051
2024,2011-11-04,-0.0051
2025,2011-11-03,0.0051
2026,2011-10-28,-0.0051
2027,2011-10-27,0.0
2028,2011-10-26,0.0102
2029,2011-10-21,0.010199999999999999
2030,2011-10-20,0.010199999999999999
2031,2011-10-19,0.0203
2032,2011-10-14,0.0101
2033,2011-10-13,0.0152
2034,2011-10-12,0.0101
2035,2011-10-07,-0.010199999999999999
2036,2011-10-06,-0.0153
2037,2011-10-05,-0.0153
2038,2011-09-30,0.015199999999999998
2039,2011-09-29,0.0102
2040,2011-09-26,0.0051
2041,2011-09-23,-0.0102
2042,2011-09-22,0.0051
2043,2011-09-19,0.0
2044,2011-09-16,-0.0051
2045,2011-09-15,0.0
2046,2011-09-12,-0.0051
2047,2011-09-09,-0.0203
2048,2011-09-08,-0.010099999999999998
2049,2011-09-05,0.010199999999999999
2050,2011-09-02,-0.0406
2051,2011-09-01,-0.061
2052,2011-08-29,-0.0915
2053,2011-08-26,-0.07120000000000001
2054,2011-08-25,-0.035500000000000004
2055,2011-08-22,-0.035500000000000004
2056,2011-08-19,-0.0152
2057,2011-08-18,-0.0051
2058,2011-08-15,-0.0051
2059,2011-08-12,-0.010099999999999998
2060,2011-08-11,0.0
2061,2011-08-08,0.0
2062,2011-08-05,0.0102
2063,2011-08-04,-0.010199999999999999
2064,2011-08-01,0.0559
2065,2011-07-29,0.0712
2066,2011-07-28,0.0509
2067,2011-07-27,0.06620000000000001
2068,2011-07-22,0.0203
2069,2011-07-21,0.015199999999999998
2070,2011-07-20,-0.005099999999999999
2071,2011-07-15,-0.0407
2072,2011-07-14,-0.0407
2073,2011-07-13,-0.0407
2074,2011-07-08,-0.0102
2075,2011-07-07,-0.015300000000000001
2076,2011-07-06,-0.015199999999999998
2077,2011-07-01,-0.0254
2078,2011-06-30,-0.030399999999999996
2079,2011-06-27,-0.0305
2080,2011-06-24,-0.0456
2081,2011-06-23,-0.0405
2082,2011-06-20,-0.0203
2083,2011-06-17,-0.010099999999999998
2084,2011-06-16,0.0102
2085,2011-06-13,0.015300000000000001
2086,2011-06-10,0.0154
2087,2011-06-09,0.0305
2088,2011-06-06,0.015199999999999998
2089,2011-06-03,0.0102
2090,2011-06-02,0.0052
2091,2011-05-27,-0.010100000000000005
2092,2011-05-26,-0.0102
2093,2011-05-25,0.0
2094,2011-05-20,-0.015200000000000005
2095,2011-05-19,-0.010100000000000005
2096,2011-05-18,-0.015200000000000005
2097,2011-05-13,-0.030400000000000003
2098,2011-05-12,-0.030400000000000003
2099,2011-05-11,-0.0203
2100,2011-05-06,-0.0507
2101,2011-05-05,-0.0558
2102,2011-05-04,-0.0203
2103,2011-04-29,-0.0608
2104,2011-04-28,-0.04360000000000001
2105,2011-04-25,-0.0345
2106,2011-04-22,-0.0355
2107,2011-04-21,-0.018300000000000004
2108,2011-04-18,-0.013199999999999996
2109,2011-04-15,-0.0284
2110,2011-04-14,-0.008099999999999996
2111,2011-04-11,-0.03350000000000001
2112,2011-04-08,-0.069
2113,2011-04-07,-0.06490000000000001
2114,2011-04-04,-0.07500000000000001
2115,2011-04-01,-0.07909999999999999
2116,2011-03-28,-0.05579999999999999
2117,2011-03-25,-0.0446
2118,2011-03-24,-0.0426
2119,2011-03-23,-0.0324
2120,2011-03-22,-0.015200000000000005
2121,2011-03-21,-0.020199999999999996
2122,2011-03-18,-0.025300000000000003
2123,2011-03-17,-0.015200000000000005
2124,2011-03-16,-0.0223
2125,2011-03-15,-0.0305
2126,2011-03-14,-0.035500000000000004
2127,2011-03-11,-0.0426
2128,2011-03-10,-0.0426
2129,2011-03-09,-0.03949999999999999
2130,2011-03-08,-0.03550000000000002
2131,2011-03-07,-0.041599999999999984
2132,2011-03-04,-0.03449999999999999
2133,2011-03-03,-0.021299999999999986
2134,2011-03-02,-0.02840000000000001
2135,2011-03-01,-0.015200000000000019
2136,2011-02-28,-0.005100000000000021
2137,2011-02-25,-0.020299999999999985
2138,2011-02-24,-0.033500000000000016
2139,2011-02-21,-0.06090000000000001
2140,2011-02-18,-0.05579999999999999
2141,2011-02-17,-0.05579999999999999
2142,2011-02-14,-0.03549999999999999
2143,2011-02-11,-0.033399999999999985
2144,2011-02-10,-0.025399999999999992
2145,2011-02-07,0.007099999999999995
2146,2011-02-04,0.015199999999999991
2147,2011-02-03,0.022299999999999986
2148,2011-01-31,0.02529999999999999
2149,2011-01-28,0.0021000000000000185
2150,2011-01-27,0.014200000000000018
2151,2011-01-24,0.01830000000000001
2152,2011-01-21,0.023300000000000015
2153,2011-01-20,0.0538
2154,2011-01-17,0.043599999999999986
2155,2011-01-14,0.01319999999999999
2156,2011-01-13,0.020300000000000012
2157,2011-01-10,0.018299999999999997
2158,2011-01-07,0.0030999999999999917
2159,2011-01-06,0.015300000000000008
2160,2011-01-03,-0.0121
2161,2010-12-30,-0.047700000000000006
2162,2010-12-29,-0.035500000000000004
2163,2010-12-24,-0.020300000000000012
2164,2010-12-23,0.0010000000000000009
2165,2010-12-22,0.005099999999999993
2166,2010-12-17,-0.030399999999999996
2167,2010-12-16,-0.0030999999999999917
2168,2010-12-15,0.008099999999999996
2169,2010-12-10,-0.0102
2170,2010-12-09,0.0203
2171,2010-12-08,0.02439999999999999
2172,2010-12-03,0.014200000000000004
2173,2010-12-02,0.032399999999999984
2174,2010-12-01,0.0548
2175,2010-11-29,0.044700000000000004
2176,2010-11-26,0.03040000000000001
2177,2010-11-25,0.03550000000000002
2178,2010-11-22,0.0050000000000000044
2179,2010-11-19,0.0
2180,2010-11-18,-0.0020000000000000018
2181,2010-11-15,-0.008099999999999996
2182,2010-11-12,0.010100000000000012
2183,2010-11-11,0.010100000000000012
2184,2010-11-08,-0.0040999999999999925
2185,2010-11-05,0.007099999999999995
2186,2010-11-04,-0.032500000000000015
2187,2010-11-01,-0.04870000000000001
2188,2010-10-29,-0.044700000000000004
2189,2010-10-28,-0.019299999999999984
2190,2010-10-27,0.0
2191,2010-10-22,-0.03240000000000001
2192,2010-10-21,-0.02840000000000001
2193,2010-10-20,-0.01830000000000001
2194,2010-10-15,-0.011200000000000015
2195,2010-10-14,0.0
2196,2010-10-13,-0.015199999999999991
2197,2010-10-08,-0.010100000000000012
2198,2010-10-07,-0.010100000000000012
2199,2010-10-06,-0.010100000000000012
2200,2010-10-01,0.020300000000000012
2201,2010-09-30,0.023400000000000004
2202,2010-09-27,-0.008099999999999996
2203,2010-09-24,-0.004999999999999977
2204,2010-09-23,0.0
2205,2010-09-20,0.005100000000000021
2206,2010-09-17,-0.0010000000000000009
2207,2010-09-16,0.0
2208,2010-09-13,-0.010200000000000015
2209,2010-09-10,-0.008200000000000013
2210,2010-09-09,-0.0020000000000000018
2211,2010-09-06,-0.012199999999999989
2212,2010-09-03,-0.011199999999999988
2213,2010-09-02,-0.012200000000000016
2214,2010-08-30,-0.010200000000000015
2215,2010-08-27,-0.0040999999999999925
2216,2010-08-26,-0.007100000000000023
2217,2010-08-23,0.005100000000000021
2218,2010-08-20,0.0
2219,2010-08-19,-0.0021000000000000185
2220,2010-08-16,0.005100000000000021
2221,2010-08-13,0.005100000000000021
2222,2010-08-12,0.010200000000000015
2223,2010-08-09,-0.008099999999999996
2224,2010-08-06,-0.023400000000000004
2225,2010-08-05,-0.020299999999999985
2226,2010-08-02,-0.020299999999999985
2227,2010-07-30,-0.030399999999999983
2228,2010-07-29,0.008099999999999996
2229,2010-07-28,0.011200000000000015
2230,2010-07-23,0.02529999999999999
2231,2010-07-22,0.032399999999999984
2232,2010-07-21,0.04260000000000001
2233,2010-07-16,0.05579999999999999
2234,2010-07-15,0.07610000000000001
2235,2010-07-14,0.0943
2236,2010-07-09,0.054699999999999985
2237,2010-07-08,0.03849999999999999
2238,2010-07-07,0.04060000000000001
2239,2010-07-02,0.020299999999999985
2240,2010-07-01,0.01930000000000001
2241,2010-06-28,-0.020300000000000012
2242,2010-06-25,-0.026400000000000007
2243,2010-06-24,-0.02429999999999999
2244,2010-06-21,-0.044600000000000015
2245,2010-06-18,-0.066
2246,2010-06-17,-0.06390000000000001
2247,2010-06-14,-0.0943
2248,2010-06-11,-0.0781
2249,2010-06-10,-0.06489999999999999
2250,2010-06-07,-0.013200000000000003
2251,2010-06-04,-0.035500000000000004
2252,2010-06-03,-0.025400000000000006
2253,2010-05-28,0.0030999999999999917
2254,2010-05-27,0.020299999999999985
2255,2010-05-26,0.010199999999999987
2256,2010-05-21,0.007100000000000023
2257,2010-05-20,0.014200000000000018
2258,2010-05-19,0.016199999999999992
2259,2010-05-14,-0.005100000000000021
2260,2010-05-13,0.010200000000000015
2261,2010-05-12,0.015200000000000019
2262,2010-05-07,-0.0406
2263,2010-05-06,-0.058800000000000005
2264,2010-05-05,-0.01419999999999999
2265,2010-04-30,0.009200000000000014
2266,2010-04-29,0.026300000000000018
2267,2010-04-26,0.015200000000000019
2268,2010-04-23,0.025400000000000006
2269,2010-04-22,0.013200000000000017
2270,2010-04-19,0.0021000000000000185
2271,2010-04-16,-0.0040999999999999925
2272,2010-04-15,0.005100000000000021
2273,2010-04-12,-0.007099999999999995
2274,2010-04-09,0.0021000000000000185
2275,2010-04-08,0.010200000000000015
2276,2010-04-05,0.01730000000000001
2277,2010-04-02,0.037500000000000006
2278,2010-04-01,0.02940000000000001
2279,2010-03-26,0.0203
2280,2010-03-25,0.015200000000000005
2281,2010-03-24,0.02339999999999999
2282,2010-03-23,0.02020000000000001
2283,2010-03-22,0.0527
2284,2010-03-19,0.049699999999999994
2285,2010-03-18,0.03849999999999999
2286,2010-03-17,0.05990000000000001
2287,2010-03-16,0.069
2288,2010-03-15,0.05779999999999999
2289,2010-03-12,0.05479999999999999
2290,2010-03-11,0.051699999999999996
2291,2010-03-10,0.04559999999999999
2292,2010-03-09,0.04869999999999999
2293,2010-03-08,0.05579999999999999
2294,2010-03-05,0.05779999999999999
2295,2010-03-04,0.050699999999999995
2296,2010-03-03,0.04769999999999999
2297,2010-03-02,0.0325
2298,2010-03-01,0.038500000000000006
2299,2010-02-26,0.053799999999999994
2300,2010-02-25,0.071
2301,2010-02-22,0.0406
2302,2010-02-19,0.050699999999999995
2303,2010-02-18,0.0528
2304,2010-02-15,0.0355
2305,2010-02-12,0.0487
2306,2010-02-11,0.073
2307,2010-02-08,0.0497
2308,2010-02-05,0.024399999999999998
2309,2010-02-04,0.029399999999999996
2310,2010-02-01,0.028399999999999995
2311,2010-01-29,-0.0131
2312,2010-01-28,0.013200000000000003
2313,2010-01-25,0.0040999999999999995
2314,2010-01-22,-0.026400000000000007
2315,2010-01-21,-0.0030999999999999986
2316,2010-01-18,0.0172
2317,2010-01-15,0.011100000000000006
2318,2010-01-14,0.030400000000000003
2319,2010-01-11,0.0
2320,2010-01-08,0.019200000000000002
2321,2010-01-07,0.0284
2322,2010-01-04,0.016300000000000002
2323,2010-01-01,0.015200000000000005
